,Client ID,Name,Legal Name,Start Date,Street #,Street Name,State,Zip,Lat,Lon,Accuracy,Category,Neighborhood
0,201211150002,Avalon Fuel,Avalon Fuel Company,10/26/2012,901,Ohio River Blvd,PA,15202.0,40.495759,-80.066508,9.0,Convenience Store,
1,201511040005,Ez Energy #303/7Eleven #36183H,Neelkanth Ansh Enterprises Inc,10/26/2015,209,Ohio River Blvd,PA,15143.0,40.545418,-80.194152,9.0,Convenience Store,
2,201212130003,EZ Energy #311 / 7 Eleven #36191H,7 Eleven Inc,12/3/2012,8136,Ohio River Blvd,PA,15202.0,40.510522,-80.094268,9.0,Convenience Store,
3,201211190006,Getgo #3646 / Crafton - Ingram,Giant Eagle Inc,11/15/2012,280,Crafton Ingram Shopping circle,PA,15205.0,41.203322,-77.194525,3.0,Convenience Store,
4,53583,Mt NeBlvd Texaco,Mt NeBlvd Texaco,6/2/1995,1706,Mt Nebo Rd,PA,15143.0,40.553281,-80.109158,8.0,Convenience Store,
5,201304220008,Radokovic Marathon,Radokovic Enterprises LlC,4/16/2013,1826,Lincoln Highway,PA,15137.0,40.367923,-79.780429,9.0,Convenience Store,
6,200002290002,Sunoco #7544,Sunoco Inc R&M,2/2/2000,1201,Airport Blvdulevard,PA,15231.0,40.494177,-80.267208,9.0,Convenience Store,
7,52845,Sunoco A Plus Mini Market #8154,,10/25/1994,5204,Interbo Ave,PA,15207.0,40.370214,-79.913195,9.0,Convenience Store,Lincoln Place
8,201310080001,Plow & Hearth,Plow & Hearth LLC,9/25/2013,1710,Settlers Ridge Center Dr,PA,15205.0,40.440641,-80.149132,5.0,Convenience Store,
9,43192,S & R Market,Mac's Convenience Stores LLC,1/11/1988,4915,2nd Ave,PA,15207.0,40.529076,-80.025577,5.0,Convenience Store,
10,201301030001,EZ Energy #307 / 7 Eleven #36187H,7 Eleven Inc,12/11/2012,4630,Wm Flynn Highway,PA,15101.0,40.590622,-79.948086,8.0,Convenience Store,
11,201203120002,Mega Deli,Jay Shakti LLC,3/8/2012,995,Greensburg Pike,PA,15112.0,40.416874,-79.839453,8.0,Convenience Store,
12,201211150010,Sheetz #500,Sheetz Inc,11/7/2012,1910,Mt Nebo Rd,PA,15143.0,40.552928,-80.115508,8.0,Convenience Store,
13,201210240003,7 Eleven #35968H,7-Eleven Inc,9/18/2012,525,Perry Highway,PA,15229.0,40.396638,-77.026583,8.0,Convenience Store,
14,200912080002,7 Eleven #36143A,,11/17/2009,601,Penn Av,PA,15222.0,40.442813,-80.001884,8.0,Convenience Store,Central Business District
15,200607180001,A & E Deli Food Mart,,7/14/2006,105,Brownsville Rd,PA,15210.0,40.41739,-79.986525,8.0,Convenience Store,
16,35752,Al's Market,,6/17/1984,24,Braddock Ave,PA,15104.0,40.407271,-79.875462,8.0,Convenience Store,
17,31340,Alstan Mini Mart,Khalid Ajmal & Saba Raees,1/1/1983,2516,Monroeville Blvd,PA,15146.0,40.426703,-79.788569,8.0,Convenience Store,
18,200010230004,American Joe's,,10/18/2000,2105,Walnut St,PA,15132.0,40.340154,-79.859937,8.0,Convenience Store,
19,201209070008,American Natural,Desdemona Holdings LP,8/23/2012,73,Carson St,PA,15219.0,40.430917,-80.001402,8.0,Convenience Store,South Shore
20,201103230003,Avalon Mart,,3/15/2011,632,California Av,PA,15202.0,40.501336,-80.067941,8.0,Convenience Store,
21,200310150002,AW Food Express / Sunoco,AW Food Express Inc,10/9/2003,1001,Pikettsburgh St,PA,15024.0,40.540809,-79.807543,8.0,Convenience Store,
22,200809180008,Bett's Market,,9/8/2008,819,Brushton Ave,PA,15208.0,40.455264,-79.888216,8.0,Convenience Store,Homewood South
23,201404100004,Cash & Carry,Cash & Carry Gas Inc,4/9/2014,1021,Perry Hwy,PA,15237.0,40.540405,-80.036133,8.0,Convenience Store,
24,201302250006,Cash & Carry Convenience Store,5 Rivers Inc,2/14/2013,7920,Saltsburg Rd,PA,15239.0,40.477508,-79.75943,8.0,Convenience Store,
25,201307030015,Clairton Mini Mart,Asn United Inc,6/28/2013,672,Miller Av,PA,15025.0,40.290634,-79.883992,8.0,Convenience Store,
26,201602010014,Clairton Mini-Mart,,1/25/2016,540,St Clair Ave,PA,15025.0,40.293214,-79.88689,8.0,Convenience Store,
27,201209110005,Co Go's #1780,Shree Sitaram Enterprise Inc,9/5/2012,3402,Main St,PA,15120.0,40.386385,-79.902763,8.0,Convenience Store,
28,2316,Co Go's #346,Co Go's,1/1/1980,3439,West Run Rd,PA,15120.0,40.38845,-79.90976,8.0,Convenience Store,
29,37867,Co Go's #805,Co Go's,5/17/1984,4071,Beechwood Blvd,PA,15217.0,40.427102,-79.938593,8.0,Convenience Store,Greenfield
30,55302,Co Go's #820,Co Go's,7/2/1996,2880,Brownsville Rd Ext,PA,15129.0,40.279791,-80.001782,8.0,Convenience Store,
31,201303130005,CR Petroleum,CR Petroleum LLC,3/5/2013,101,Mile Lock La,PA,15014.0,47.15441,-2.172958,8.0,Convenience Store,
32,1008,De Carlo Fruit Market,,1/1/1980,560,Mckeesport Rd,PA,15037.0,40.276563,-79.878044,8.0,Convenience Store,
33,56405,Edgewood Avenue Express,,5/1/1997,253,Edgewood Ave,PA,15218.0,40.430663,-79.884352,8.0,Convenience Store,
34,200904020002,Edna's Market & Deli @ Northview Heights,New Bread Development Inc,4/1/2009,529,Mt Pleasant Rd,PA,15214.0,40.478135,-80.000449,8.0,Convenience Store,Northview Heights
35,201403140007,Everest Food,,3/15/2014,308,Curry Hollow Rd,PA,15236.0,40.336174,-79.972625,8.0,Convenience Store,
36,201509300012,Express Mini Mart,Express Mini Mart Inc,9/23/2015,3518,Brownsville Rd,PA,15227.0,40.374467,-79.975539,8.0,Convenience Store,
37,200809110005,Fa's Market,,9/4/2008,623,Jones Ave,PA,15104.0,40.404138,-79.861887,8.0,Convenience Store,
38,201002220011,Fuel On # 25,3 Man Inc,2/10/2010,5724,Ellsworth Av,PA,15232.0,40.455308,-79.931608,8.0,Convenience Store,Shadyside
39,201210100006,Fueland,JP Petroleum Co,8/28/2012,921,Brodhead Rd,PA,15108.0,40.518217,-80.222543,8.0,Convenience Store,
40,201307160013,Fueland #220,Delta A & W Inc,7/9/2013,710,Brown Av,PA,15145.0,40.427276,-79.836019,8.0,Convenience Store,
41,200407140007,GetGo #3108,Giant Eagle Inc,7/9/2004,10525,Frankstown Rd,PA,15235.0,40.457119,-79.877698,8.0,Convenience Store,East Hills
42,45203,GetGo #3109,Giant Eagle Inc,2/16/1984,436,Lincoln Hwy East,PA,15035.0,40.380961,-79.8115,8.0,Convenience Store,
43,200706280005,Glassmere Food Mart #252,Glassmere Fuel Service Inc,6/20/2007,3001,Freeport Rd,PA,15144.0,40.595044,-79.76881,8.0,Convenience Store,
44,201001190005,Homestead Food Mart,Om Shiva Group Inc,1/1/2010,238,8th Av,PA,15120.0,40.407623,-79.909613,8.0,Convenience Store,
45,57337,Honey Bear / Spee-D Mart,Graft Oil Co / OCI Inc,5/6/1998,209,3rd Street,PA,15034.0,40.349519,-79.891481,8.0,Convenience Store,
46,201502030007,International Food Emporium,,1/28/2015,4110,Saw Mill Run Blvd,PA,15227.0,40.367213,-79.984027,8.0,Convenience Store,
47,32580,Janoski's Farm Market,Janoski's Farms Inc,6/17/1984,1714,U.S. Route 30,PA,15026.0,40.559221,-80.437686,8.0,Convenience Store,
48,200504070011,Jeets Sunoco,Jeets Enterprise Inc,4/7/2005,5457,Perry Hwy,PA,15229.0,40.513271,-80.030768,8.0,Convenience Store,
49,200701260001,Jimit Sunoco,Jimit Enterprises Inc,1/24/2007,2904,5th Ave,PA,15131.0,40.358373,-79.831701,8.0,Convenience Store,
50,201501090004,Jodha Exxon,Jodha LLC,12/25/2014,2200,Babcock Blvd,PA,15237.0,40.510927,-79.993984,8.0,Convenience Store,
51,200401220003,Kolos International Food,,1/20/2004,114,East St / Mall Plaza,PA,15106.0,40.406902,-80.087614,8.0,Convenience Store,
52,200710240001,Kwik E Mart,,10/22/2007,212,10th St,PA,15222.0,40.444199,-79.995537,8.0,Convenience Store,Central Business District
53,200411220009,Large Sunoco,Americorporation,11/9/2004,1344,Clairton Blvd,PA,15025.0,40.307385,-79.935894,8.0,Convenience Store,
54,201510290012,Marathon McKeesport,Shiv Oil Inc,10/16/2015,710,5th Av,PA,15132.0,40.351443,-79.857948,8.0,Convenience Store,
55,201507020009,Maruti Convience,Maruti Convenience LLC,6/26/2015,1100,Fawcett Av,PA,15131.0,40.35267,-79.825732,8.0,Convenience Store,
56,201506110010,Mary's & Rick's,,6/3/2015,200,3rd St,PA,15106.0,40.403354,-80.089813,8.0,Convenience Store,
57,49804,Murray's Exxon,,4/22/1993,1100,Penn Ave,PA,15221.0,40.44133,-79.877715,8.0,Convenience Store,
58,201205140003,NeighBlvdrhood Dollar,NeighBlvdrhood Dollar,5/10/2012,336,5th Av,PA,15132.0,40.351125,-79.863412,8.0,Convenience Store,
59,201305240003,New Eagle Mart,,5/16/2013,300,6th Av,PA,15222.0,40.441932,-80.001828,8.0,Convenience Store,Central Business District
60,200408270001,Noble Mart,Mufti & Khan,8/24/2004,2100,Noble St,PA,15218.0,40.420651,-79.885465,8.0,Convenience Store,
61,201406020011,Oak Hill Market,Oak Hill Convenience Inc,5/22/2014,504,Oak Highwayll Dr,PA,15219.0,40.44356,-79.969922,8.0,Convenience Store,Terrace Village
62,55034,One Stop Mini Mart,One Stop Mini Mart,5/10/1996,2333,Beechwood Blvd,PA,15217.0,40.432851,-79.914965,8.0,Convenience Store,Squirrel Hill South
63,57729,Phil's Citgo,,10/1/1998,5340,Perry Hwy,PA,15229.0,40.509195,-80.029331,8.0,Convenience Store,
64,201409170001,Pitt Stop Express,,9/12/2014,1980,Painters Run Rd,PA,15241.0,40.363956,-80.086425,8.0,Convenience Store,
65,33405,Pittsburgh Asian Market / Ou's International Co,,9/1/1981,707,Penn Ave,PA,15221.0,40.443558,-79.884328,8.0,Convenience Store,
66,201606270004,Quicky Mart,,6/21/2016,668,WasHighwayngton Rd,PA,15228.0,40.380538,-80.04456,8.0,Convenience Store,
67,200810220018,RN Market,,10/17/2008,256,S Highwayghland,PA,15206.0,40.457254,-79.925206,8.0,Convenience Store,Shadyside
68,201201120002,Rte #286 Exxon,Laxmi Narayana Corp,1/9/2012,2405,Golden Mile Highway,PA,15239.0,40.471469,-79.986604,8.0,Convenience Store,Spring Garden
69,201108310002,Safi Market,Safi Market LLC,8/29/2011,1518,Mifflin St,PA,15120.0,40.403187,-79.90342,8.0,Convenience Store,
70,200911040004,SAI Sunoco,Global Contact LLC,10/30/2009,3039,Freeport Rd,PA,15065.0,40.642437,-79.710438,8.0,Convenience Store,
71,201503250004,Sam Blvdk Korean Grocery,,3/23/2015,1737,Penn Av,PA,15222.0,40.450358,-79.985099,8.0,Convenience Store,Strip District
72,201509160001,Sheetz #582,Sheetz Inc,9/9/2015,4723,Wm Penn Highway,PA,15146.0,40.434846,-79.73331,8.0,Convenience Store,
73,201402180001,Shell North Versailles,MABA USA LLC,1/24/2014,505,Lincoln Highway,PA,15137.0,40.450809,-80.199382,8.0,Convenience Store,
74,201105190005,Sheraden Mini Mart,Lathia Investments LLC,5/13/2011,649,HighwayllsBlvdro St,PA,15204.0,40.431433,-79.861903,8.0,Convenience Store,
75,52818,Shop N Go,DTL Corp,10/14/1994,2226,Route 837,PA,15088.0,40.428336,-79.973438,8.0,Convenience Store,South Side Flats
76,201603170005,Speedway #2917,Speedway LLC,3/10/2016,4363,Broadway Blvd,PA,15146.0,40.397285,-79.768965,8.0,Convenience Store,
77,201508180003,Stop n Shop,Miyan Associates LLC,4/15/2015,1043,Hamil Rd,PA,15147.0,40.502514,-79.810806,8.0,Convenience Store,
78,200206240001,Sunoco,Adi-Maha Inc,6/18/2002,600,Lysle Blvd,PA,15132.0,40.351981,-79.859689,8.0,Convenience Store,
79,54317,Sunoco #7139,Sunoco Inc R&M,9/8/1995,1020,Mt Royal Blvd,PA,15223.0,40.516752,-79.959009,8.0,Convenience Store,
80,47157,Sunoco #7362,Sunoco Inc R&M,6/26/1991,19090,Perry Hwy,PA,16046.0,40.674019,-80.098542,8.0,Convenience Store,
81,40621,Sunoco #7430,Sunoco Inc R&M,3/20/1986,113,Noble Ave,PA,15205.0,40.434829,-80.06553,8.0,Convenience Store,
82,200501270008,Sunoco A Plus Mini Market,SG II - Negley Ave LLC,1/14/2005,123,N Negley Ave,PA,15206.0,40.464292,-79.930226,8.0,Convenience Store,Garfield
83,201307160010,Sushi with Gusto,Sushi with Gusto Inc,7/3/2013,1551,WasHighwayngton Rd,PA,15228.0,40.355489,-80.050351,8.0,Convenience Store,
84,201508310001,Sweet Peas Convenience Store,Center Independent Oil Stores LLC,9/1/2015,3937,Library Rd,PA,15234.0,40.363119,-80.027195,8.0,Convenience Store,
85,51211,T-Blvdnes BP #02706,T-Blvdnes Inc,1/13/1994,787,Wexford Bayne Rd,PA,15090.0,40.616571,-80.09131,8.0,Convenience Store,
86,201012030002,The Hot Spot,S & A Convience Inc,11/23/2010,601,Monongahela Av,PA,15045.0,40.325977,-79.892457,8.0,Convenience Store,
87,201007300002,Uni-Mart,Sman Kass United Inc,7/26/2010,3400,Versailles Av,PA,15132.0,40.344889,-79.837515,8.0,Convenience Store,
88,201001190002,Uni-Mart #4682,Zee1 LLC,1/12/2010,551,State St,PA,15025.0,40.292972,-79.874705,8.0,Convenience Store,
89,200601230003,Uni-Mart #94608,DJ LLC,1/10/2006,1181,Romine Ave,PA,15133.0,40.342269,-79.871278,8.0,Convenience Store,
90,551,Victoria's Dairy,,6/17/1984,1716,Lowrie St,PA,15212.0,40.464324,-79.982206,8.0,Convenience Store,Troy Hill
91,201010200004,Z Corner Store,Z Corner Store LLC,9/22/2010,520,Pikettsburgh Mills Circle,PA,15084.0,40.571307,-79.799218,8.0,Convenience Store,
92,200901290005,7 Eleven #36139A,,1/15/2009,285,Mt Lebanon Blvd,PA,15234.0,40.368776,-80.037105,9.0,Convenience Store,
93,201604050003,7 Eleven #36154H,7 Eleven Inc,3/29/2016,1101,Brookline Blvd,PA,15226.0,40.39224,-80.015038,9.0,Convenience Store,Brookline
94,201009080012,7 Eleven #36155,,9/1/2010,818,Duquesne Blvd,PA,15110.0,40.38276,-79.856971,9.0,Convenience Store,
95,200503230001,B & Z Deli,B & Z Deli & Home Cooked Meals Inc,3/17/2005,3392,Saxonburg Blvd,PA,15116.0,40.548903,-79.913913,9.0,Convenience Store,
96,200803180001,CVS / Pharmacy #258,Pennsylvania CVS Pharmacy LLC,3/18/2008,5703,Steubenville Pike,PA,15136.0,40.451423,-80.134188,9.0,Convenience Store,
97,201301030002,EZ Energy #306 / 7 Eleven #36186H,7 Eleven Inc,12/11/2012,3915,Wm Flynn Highway,PA,15101.0,40.559163,-79.959751,9.0,Convenience Store,
98,201210190003,EZ Energy #312 / 7 Eleven Store #36192H,7-Eleven Inc,10/16/2012,650,Clairton Blvd,PA,15236.0,40.328839,-79.945503,9.0,Convenience Store,
99,201201200001,Family Dollar #4675,Family Dollar Stores of Pa Inc,1/13/2012,27,Duquesne Blvd,PA,15110.0,40.374361,-79.846658,9.0,Convenience Store,
100,200906260005,Fast Grab & Go,Fast Grab & Go Inc,6/25/2009,7261,Steubenville Pike,PA,15071.0,40.442577,-80.186135,9.0,Convenience Store,
101,201109260001,Getgo #3280,Giant Eagle Inc,9/26/2011,1700,Wm Flynn Highway,PA,15116.0,40.538256,-79.961617,9.0,Convenience Store,
102,201504060004,Oakdale Mini Mart,Oakdale Mini Mart Inc,3/17/2015,7520,Steubenville Pike,PA,15071.0,40.442116,-80.201258,9.0,Convenience Store,
103,201205150001,Save N Go,Save N Go Inc,5/1/2012,5610,William Flynn Highway,PA,15044.0,40.63553,-79.939082,9.0,Convenience Store,
104,39424,Sheetz #123,Sheetz Inc,6/3/1985,5300,Wm Flynn Highway,PA,15044.0,40.614349,-79.946668,9.0,Convenience Store,
105,201306280009,Speedway #2903,Speedway LLC,6/19/2013,4311,Steubenville Pike,PA,15205.0,40.43959,-80.093571,9.0,Convenience Store,
106,36226,TJ's Deli Mart #2,Kehm Oil Co,2/12/1987,5942,Steubenville Pike,PA,15136.0,40.448456,-80.142616,9.0,Convenience Store,
107,200101050003,Tonidale Marathon,Tonidale Legacy LP,12/29/2000,7021,Steubenville Pike,PA,15071.0,40.443867,-80.174208,9.0,Convenience Store,
108,201002120002,Uni-Mart,KNZ Inc,1/28/2010,1300,Coraopolis Hights Rd,PA,15108.0,40.501443,-80.175698,9.0,Convenience Store,
109,201210290001,EZ Energy #357 / 7 Eleven #36201H,7-Eleven Inc,10/12/2012,10594,Perry Highway,PA,15090.0,40.612704,-80.054105,9.0,Convenience Store,
110,201402050002,$1 & Up,,12/15/2013,744,Brookline Blvd,PA,15226.0,40.39374,-80.020522,9.0,Convenience Store,Brookline
111,201509180002,1 Stop Amish Deli & Gifts,,9/2/2015,1906,Lincoln Hwy,PA,15137.0,40.367305,-79.779211,9.0,Convenience Store,
112,201304040004,3 D's Tobacco,3 D's Tobacco LLC,3/20/2013,3604,5th Ave,PA,15213.0,40.441242,-79.958758,9.0,Convenience Store,Central Oakland
113,201606170007,5 GB's Fresh Foods,5 GB Retail LLC,6/1/2016,1100,Chartiers Av,PA,15136.0,40.465482,-80.068211,9.0,Convenience Store,
114,201402280004,52nd Street Market,52nd Street Market LLC,2/1/2014,601,52nd St,PA,15201.0,40.478808,-79.951957,9.0,Convenience Store,Upper Lawrenceville
115,200911250008,7 Eleven #106 36118A,,11/23/2009,1,Bigelow Sq,PA,15219.0,40.44043,-79.99488,9.0,Convenience Store,Central Business District
116,54303,7 Eleven #167,Handee Marts Inc,9/8/1995,643,Liberty Av,PA,15222.0,40.442605,-80.000205,9.0,Convenience Store,Central Business District
117,201605160001,7 Eleven #2701-36160J,7 Eleven Inc,5/7/2016,420,Smihfield St,PA,15222.0,40.439202,-79.998948,9.0,Convenience Store,Central Business District
118,201409180001,7 Eleven #36117H,7 Eleven Inc,9/12/2014,333,Thompson Run Rd,PA,15237.0,40.527563,-79.988854,9.0,Convenience Store,
119,201206210002,7 Eleven #36121A,Guvenal Inc,6/19/2012,423,James St,PA,15145.0,40.408809,-79.819096,9.0,Convenience Store,
120,201209250001,7 Eleven #36122A,Ansa LLC,9/17/2012,22,Grant Av,PA,15223.0,40.50398,-79.948659,9.0,Convenience Store,
121,201512140005,7 Eleven #36123,7 Eleven Inc,12/1/2015,7500,Grand Av,PA,15225.0,40.5173,-80.148322,9.0,Convenience Store,
122,201011040010,7 Eleven #36126A,FMLone Corp,11/1/2010,987,Greentree Rd,PA,15220.0,40.418082,-80.045137,9.0,Convenience Store,
123,200309230002,7 Eleven #36127A,Handee Marts Inc,8/28/2003,137,Clever Rd,PA,15136.0,40.46957,-80.100321,9.0,Convenience Store,
124,53158,7 Eleven #36128,Handee Marts Inc,2/8/1995,6403,Brownsville Rd,PA,15236.0,40.321948,-79.994895,9.0,Convenience Store,
125,201601040001,7 Eleven #36134,,12/30/2015,3955,Forbes Av,PA,15213.0,40.443016,-79.95494,9.0,Convenience Store,North Oakland
126,38100,7 Eleven #36135,,7/2/1984,850,Blvdyce Rd,PA,15017.0,40.328211,-80.125669,9.0,Convenience Store,
127,200803070002,7 Eleven #36138H,7 Eleven Inc Licensing,3/5/2008,740,W Ingomar Rd,PA,15237.0,40.581679,-80.056061,9.0,Convenience Store,
128,44398,7 Eleven #36140A,,3/2/1989,1005,Western Ave,PA,15233.0,40.451235,-80.019102,9.0,Convenience Store,Chateau
129,200603170005,7 Eleven #36144A,,2/8/2006,95,Warrendale Bayne Rd,PA,15086.0,40.655507,-80.086794,9.0,Convenience Store,
130,201108110010,7 Eleven #36146A,A & H USA Corp,8/2/2011,429,Wood St,PA,15222.0,40.440324,-80.00103,9.0,Convenience Store,Central Business District
131,200203250002,7 Eleven #36152A,Handee Marts Inc,3/21/2002,608,5th St,PA,15088.0,40.27325,-79.896205,9.0,Convenience Store,
132,200301140002,7 Eleven #36159A,Y & M Foods Inc.,1/8/2003,1350,Wildwood Rd,PA,15044.0,40.594933,-79.993623,9.0,Convenience Store,
133,201308270003,7 Eleven #36193A,FMLONE Corp,8/21/2013,999,Greentree Rd,PA,15220.0,40.416791,-80.044676,9.0,Convenience Store,
134,201406120014,7 Eleven Store #36131-A,,6/6/2014,10,Prospect Av,PA,15205.0,40.445258,-80.066088,9.0,Convenience Store,
135,201510090004,7-Eleven #36124,Ansa Corp,10/7/2015,1400,Radford Rd,PA,15227.0,40.363734,-79.967563,9.0,Convenience Store,
136,201606210001,A & K Convenience Store,A & K Convenience Store LLC,6/17/2016,3459,Ward St,PA,15213.0,40.436402,-79.95436,9.0,Convenience Store,Central Oakland
137,38094,A & M Market,,6/13/1984,320,Coal St,PA,15221.0,40.435709,-79.882673,9.0,Convenience Store,
138,201607140002,Abby's,,7/7/2016,2408,Reed St,PA,15219.0,40.444968,-79.971576,9.0,Convenience Store,Terrace Village
139,201501260004,Abe's Market,,1/20/2015,1860,Centre Av,PA,15219.0,40.442818,-79.980847,9.0,Convenience Store,Crawford-Roberts
140,201012220001,Aden Market,,12/16/2010,1318,Federal St,PA,15212.0,40.457262,-80.006901,9.0,Convenience Store,Central Northside
141,201503090006,Ak Schwartz Super Market,,3/4/2015,1901,5th Ave,PA,15219.0,40.438518,-79.979264,9.0,Convenience Store,Crawford-Roberts
142,200901270002,Alfreds Deli & Market,,12/17/2008,3041,Brereton St,PA,15219.0,40.456775,-79.968396,9.0,Convenience Store,Polish Hill
143,201403100004,Allegheny City Market,Bryant St Market Inc,3/6/2014,1327,Arch St,PA,15212.0,40.457244,-80.009625,9.0,Convenience Store,Central Northside
144,201101270002,Allison Park Mini Market,PITT Group Inc,1/26/2011,1675,Duncan Av,PA,15101.0,40.566346,-79.999275,9.0,Convenience Store,
145,201209110007,American Natural #12,Ophelia Holdings LP,9/7/2012,103,22nd Av,PA,15120.0,40.397648,-79.902718,9.0,Convenience Store,
146,201209240003,American Natural #14,Hypatia Holdings LP,8/30/2012,2619,Wexford Bayne Rd,PA,15143.0,40.614788,-80.098656,9.0,Convenience Store,
147,201301150010,American Natural #2,Hera Holdings LP,1/9/2013,7338,Butler St,PA,15206.0,40.487385,-79.919823,9.0,Convenience Store,Morningside
148,201209060003,American Natural #5,American Natural Corp LLC,8/29/2012,3800,Walnut St,PA,15132.0,40.32561,-79.839633,9.0,Convenience Store,
149,201209070002,American Natural #9,Cordelia Holdings LP,8/28/2012,5738,Smithfield St,PA,15135.0,40.310955,-79.824816,9.0,Convenience Store,
150,43765,Anlauf's Sunoco,,7/28/1988,214,Rodi Rd,PA,15235.0,40.463141,-79.824297,9.0,Convenience Store,
151,498,Ann's Market,,1/1/1980,2316,Webster Ave,PA,15219.0,40.448314,-79.975214,9.0,Convenience Store,Middle Hill
152,201504060017,Anytime Market,Anytime Market Inc,4/3/2015,730,Broadway Av,PA,15136.0,40.472941,-80.074361,9.0,Convenience Store,
153,200210090001,Arnold's Market,,9/23/2002,1498,Center Av,PA,15229.0,40.515253,-80.045024,9.0,Convenience Store,
154,200007110003,Arrowhead Snack Bar,Rock Run Inc,7/6/2000,800,Rock Run Rd,PA,15037.0,40.267835,-79.812587,9.0,Convenience Store,
155,200301280008,Azhar's Sunoco,,1/24/2003,6500,Saltsburg Rd,PA,15235.0,40.482373,-79.809518,9.0,Convenience Store,
156,200808150001,Bailie Food Mart,Syed J Hernect LLC,8/8/2008,2316,Bailie Ave,PA,15132.0,40.341159,-79.848683,9.0,Convenience Store,
157,237,Bakers Dairy,,1/1/1980,7300,Hamilton Ave,PA,15208.0,40.454003,-79.895663,9.0,Convenience Store,Homewood South
158,200702280014,Bay Valley Foods Bldg #230 - Co. Store,Bay Valley Foods LLC,2/23/2007,1080,River Ave,PA,15212.0,40.455278,-79.989036,9.0,Convenience Store,Troy Hill
159,36939,Beccari Farm Market,,6/17/1984,5095,Thoms Run Rd,PA,15071.0,40.373971,-80.133093,9.0,Convenience Store,
160,17,Bell's Market,,6/17/1984,603,Braddock Ave,PA,15104.0,40.403331,-79.868202,9.0,Convenience Store,
161,201509010010,Ben Avon Mini Mart,HALP Enterprise Inc,8/25/2015,200,Division Av,PA,15202.0,40.503809,-80.075415,9.0,Convenience Store,
162,201509030001,Bhangal Mcknight,Bhangal LLC,8/31/2015,4616,Mcknight Rd,PA,15237.0,40.506003,-80.007421,9.0,Convenience Store,
163,201503160005,Big Daddy's,,3/11/2015,564,Forbes Av,PA,15219.0,40.437655,-79.995074,9.0,Convenience Store,Central Business District
164,201406050002,Bizi Mart,NeighBlvdrhood Market LLC,5/30/2014,2134,Carson St,PA,15203.0,40.428206,-79.974793,9.0,Convenience Store,South Side Flats
165,38477,Blue Eagle Market,,9/5/1984,726,Broadway Ave,PA,15136.0,40.472971,-80.07416,9.0,Convenience Store,
166,200901270003,Blvdb's Exxon,Global Contact LLC,1/21/2009,2602,Freeport Rd,PA,15065.0,40.633564,-79.713801,9.0,Convenience Store,
167,200504200001,BP / Bloomfield,Jay Oil Corp,4/15/2005,4006,Liberty Ave,PA,15224.0,40.462645,-79.95682,9.0,Convenience Store,Bloomfield
168,200708300003,BP Connect,NILU Enterprise Inc,8/23/2007,2,Beaver Grade Rd,PA,15136.0,40.452448,-80.133194,9.0,Convenience Store,
169,200808140007,BP Fueland #228,Superior Petroleum Co,8/11/2008,1927,Brownsville Rd,PA,15210.0,40.395391,-79.986501,9.0,Convenience Store,Carrick
170,200808210003,BP Gas Station,NiLu Entperprise Inc,8/20/2008,1001,Evergreen Av,PA,15209.0,40.490782,-79.971815,9.0,Convenience Store,
171,201408070001,BP Gas Station #36182,SGII Group LLC,12/17/2013,100,Fox Chapel Dr,PA,15238.0,40.489314,-79.882457,9.0,Convenience Store,
172,200810060008,BP Oil,Om Shiva Management Inc,9/19/2008,231,5th Ave,PA,15132.0,40.351205,-79.86532,9.0,Convenience Store,
173,56890,BP Oil #07414,Dave's BP LLC,10/28/1997,4260,Evergreen Rd,PA,15214.0,40.495669,-80.00773,9.0,Convenience Store,Summer Hill
174,200802130003,BP Oil #67315,Ukani Brothers Inc,2/8/2008,2900,Banksville Rd,PA,15216.0,40.402949,-80.041463,9.0,Convenience Store,Banksville
175,201506120008,BP South Braddock,Shiv Oil Inc,6/10/2015,1600,Braddock Av,PA,15218.0,40.426943,-79.890856,9.0,Convenience Store,
176,201310240001,BP Stop & Go,Shiv Sankar Corp,10/22/2013,638,Brown Av,PA,15145.0,40.42596,-79.8345,9.0,Convenience Store,
177,200712180010,BP/ BFS Foods #64,BFS Foods Inc,12/14/2007,3984,Monroeville Blvd,PA,15146.0,40.436011,-79.773069,9.0,Convenience Store,
178,200506210002,BP/ Fueland #216,Superior Petroleum Co,6/16/2005,625,Ardmore Blvd,PA,15221.0,40.437049,-79.873803,9.0,Convenience Store,
179,200707240008,Broadway Dairy Mart,,7/19/2007,412,Broadway Ave,PA,15136.0,40.46921,-80.068713,9.0,Convenience Store,
180,201305240001,Broadway Market,,5/14/2013,295,Broadway Av,PA,15136.0,40.467589,-80.067325,9.0,Convenience Store,
181,201004290004,Bryant Street Market,Bryant St Market Inc,4/15/2010,5901,Bryant St,PA,15206.0,40.475878,-79.91957,9.0,Convenience Store,Highland Park
182,200904130001,C & C News & Snax,,4/2/2009,2,Ppg Pl,PA,15222.0,40.440491,-80.00349,9.0,Convenience Store,Central Business District
183,201403050003,CeeBee Market,,2/1/2014,202,Brownsville Rd,PA,15210.0,40.4158,-79.987353,9.0,Convenience Store,
184,200310010003,Center Point Convenience,,9/25/2003,4061,Perrysville Ave,PA,15214.0,40.492315,-80.0217,9.0,Convenience Store,Perry North
185,200408050007,Cheneh A - Plus Mini Mart,Cheneh A - Plus LLC,8/3/2004,5013,Butler St,PA,15201.0,40.478309,-79.956214,9.0,Convenience Store,Central Lawrenceville
186,46062,Christy's Market,,7/17/1990,555,Foundry St,PA,15215.0,40.50358,-79.937308,9.0,Convenience Store,
187,200710230009,Chuong's Market,,10/18/2007,2208,Arlington Ave,PA,15210.0,40.417017,-79.975536,9.0,Convenience Store,Arlington
188,201210040005,CIO Stores #14,Ivan LLC 3,9/27/2012,1909,Painters Run Rd,PA,15241.0,40.363565,-80.086297,9.0,Convenience Store,
189,200208280009,Circle K #4200,Mac's Convenience Stores LLC,8/22/2002,2903,Brighton Rd,PA,15212.0,40.471598,-80.02729,9.0,Convenience Store,Marshall-Shadeland
190,200208270004,Circle K #4201,Mac's Convenience Stores LLC,8/20/2002,501,Main St,PA,15215.0,40.494777,-79.936723,9.0,Convenience Store,
191,200208230007,Circle K #4202,Mac's Convenience Stores LLC,8/20/2002,3817,Butler St,PA,15201.0,40.467553,-79.964223,9.0,Convenience Store,Lower Lawrenceville
192,201111170003,Circle K #4235,Mac's Convenience Stores LLC,11/10/2011,200,Market Place Dr,PA,15071.0,40.441153,-80.240396,9.0,Convenience Store,
193,201508240002,City News & Arcade,,7/31/2015,418,Wood St,PA,15222.0,40.43978,-80.000753,9.0,Convenience Store,Central Business District
194,200703120005,Co Go #1808,Brookline Minimart Inc,3/5/2007,1001,Brookline Blvd,PA,15226.0,40.392358,-80.017326,9.0,Convenience Store,Brookline
195,200412210003,Co Go's #1817,USMA United Enterprise Inc,12/16/2004,2800,Brownsville Rd,PA,15227.0,40.383403,-79.977468,9.0,Convenience Store,Carrick
196,2068,Co Go's #321,Co Go's,6/17/1984,2733,South Park Road,PA,15102.0,40.327631,-80.031909,9.0,Convenience Store,
197,200806020012,Co Go's #322,Ultra Biz Inc,5/22/2008,510,Station St,PA,15017.0,40.357225,-80.110748,9.0,Convenience Store,
198,200601120006,Co Go's #329,Co Go's,1/1/2006,1050,Brinton Rd,PA,15221.0,40.429065,-79.874667,9.0,Convenience Store,
199,200605230001,Co Go's #338,Co Go's,5/1/2006,3767,Brownsville Rd,PA,15227.0,40.37061,-79.974834,9.0,Convenience Store,
200,201008100021,Co Go's #496,Co Go's,8/4/2010,721,Island Av,PA,15136.0,40.473124,-80.062598,9.0,Convenience Store,
201,41905,Co Go's #777,Co Go's,1/27/1987,20,Bailey Av,PA,15211.0,40.426751,-80.004641,9.0,Convenience Store,Mount Washington
202,200707020002,Co Go's #786,Conburgh Covience Inc,6/27/2007,2003,S Braddock Ave,PA,15218.0,40.422453,-79.885302,9.0,Convenience Store,
203,33210,Co Go's #801,Co Go's,6/17/1984,1709,Saw Mill Run Blvd,PA,15210.0,40.395816,-79.997403,9.0,Convenience Store,Carrick
204,200309170001,Co Go's #811,CE Corp,9/5/2003,314,Scenery Dr,PA,15037.0,40.278022,-79.837547,9.0,Convenience Store,
205,40500,Co Go's #812,Co Go's,2/24/1986,1501,N Canal St,PA,15215.0,40.496714,-79.926033,9.0,Convenience Store,
206,41462,Co Go's #813,Co Go's,9/9/1986,925,E Carson St,PA,15203.0,40.428967,-79.989023,9.0,Convenience Store,South Side Flats
207,41661,Co Go's #814,Co Go's,11/5/1986,304,Virginia Ave,PA,15211.0,40.431339,-80.010762,9.0,Convenience Store,Mount Washington
208,200904170004,Co Go's #821,Co Go's,4/7/2009,1513,Lincoln Wa,PA,15131.0,40.349044,-79.817798,9.0,Convenience Store,
209,200109210004,Cochran A-Plus Sunoco #60568,,9/14/2001,1630,Cochran Rd,PA,15220.0,40.392207,-80.061257,9.0,Convenience Store,
210,201211270002,CoGo's #1493,Saikripa Inc,11/16/2012,620,Lincoln Av,PA,15202.0,40.497549,-80.058938,9.0,Convenience Store,
211,201211270007,CoGo's #1784,,11/20/2012,1530,Potomac Av,PA,15216.0,40.397238,-80.03548,9.0,Convenience Store,
212,201304180004,ComBlvd Mini Mart,Corporation S,4/10/2013,1235,Muldowney St,PA,15207.0,40.368932,-79.914005,9.0,Convenience Store,Lincoln Place
213,201111090005,Comet News,,11/4/2011,540,Braddock Av,PA,15104.0,40.403638,-79.869559,9.0,Convenience Store,
214,57100,Coraopolis Fast Stop,Rebco Ent Inc,1/22/1998,879,4th Ave,PA,15108.0,40.51961,-80.166401,9.0,Convenience Store,
215,200502090005,Craft A-Plus,Sgn-Craft Ave LLC,2/2/2005,301,Craft Ave,PA,15213.0,40.435614,-79.96088,9.0,Convenience Store,South Oakland
216,200704300003,Croskey's Sunoco,Cross - Keys LLC,4/24/2007,806,Freeport Rd,PA,15238.0,40.498863,-79.85316,9.0,Convenience Store,
217,365,Crossroads Service Center,Crossroads Service Center Inc,1/1/1970,4600,Homestead Duquesne Rd,PA,15122.0,40.376274,-79.894553,9.0,Convenience Store,
218,201007190004,Curry Hollow Sunoco,,7/12/2010,340,Curry Hollow Rd,PA,15236.0,40.337461,-79.977244,9.0,Convenience Store,
219,201210290002,CVS / Pharmacy #10034,Pennsylvania CVS Pharmacy LLC,10/17/2012,611,Duncan Av,PA,15237.0,40.567824,-80.02325,9.0,Convenience Store,
220,200408310010,Daily Mart,,8/26/2004,1125,Arlington Ave,PA,15203.0,40.422044,-79.991713,9.0,Convenience Store,Allentown
221,201509210011,Dar's General Store,,9/2/2015,709,Chartiers Av,PA,15136.0,40.465584,-80.06193,9.0,Convenience Store,
222,201405150002,Deurali Bazar Inc,,2/12/2014,309,Brownsville Rd,PA,15210.0,40.414053,-79.988023,9.0,Convenience Store,
223,35569,DiLeo's Deli,,1/1/1980,1009,9th Av,PA,15014.0,40.609868,-79.741569,9.0,Convenience Store,
224,201602090014,Dipen Ent Inc / Marathon,Dipen Enterprise Inc,1/27/2016,3646,Library Rd,PA,15234.0,40.365139,-80.019469,9.0,Convenience Store,
225,201211300005,DJ's Butcher Block,DKSJR,11/26/2012,4623,Liberty Av,PA,15224.0,40.462454,-79.949999,9.0,Convenience Store,Bloomfield
226,201506290001,Dollar General #15784,Penntex Ventures LLC,6/29/2015,2301,Brownsville Rd,PA,15129.0,40.298348,-79.993658,9.0,Convenience Store,
227,200805140001,Dollar Tree #00236,Dollar Tree Stores Inc,5/5/2008,240,Mt NeBlvd Pointe Dr,PA,15237.0,40.534703,-80.065129,9.0,Convenience Store,
228,201208100001,Dollar Tree #05038,Dollar Tree Stores Inc,8/3/2012,4714,Mcknight Rd,PA,15237.0,40.521242,-80.004588,9.0,Convenience Store,
229,201607140003,Dollar Tree #06413,Dollar Tree Stores Inc,7/11/2016,4680,Old William Penn Highway,PA,15146.0,40.438817,-79.741022,9.0,Convenience Store,
230,199909070001,Dollar Tree #1272,Dollar Tree Stores Inc,7/27/1999,5990,University Blvd,PA,15108.0,40.521267,-80.219777,9.0,Convenience Store,
231,200908260003,Dollar Tree #4222,Dollar Tree Stores Inc,8/24/2009,1020,Village Center Dr,PA,15084.0,40.568368,-79.803954,9.0,Convenience Store,
232,200911180008,Dollar Tree #4287,Dollar Tree Stores Inc,11/12/2009,47,Walsh Rd,PA,15205.0,40.440254,-80.071174,9.0,Convenience Store,
233,201408130002,Double Car Wash,Center Independent Oil Stores LLC,8/4/2014,2305,O'Neil Blvd,PA,15131.0,40.351707,-79.829165,9.0,Convenience Store,
234,200209240004,DuBlvdis B P II,,9/17/2002,4731,Buttermilk Hollow Rd,PA,15122.0,40.359269,-79.907848,9.0,Convenience Store,
235,52811,DuBlvdis BP,,10/11/1994,1006,E Carson St,PA,15203.0,40.428491,-79.988222,9.0,Convenience Store,South Side Flats
236,37769,East Park News,,4/14/1984,406,E OHighwayo St,PA,15212.0,40.453472,-80.001337,9.0,Convenience Store,East Allegheny
237,201506220013,Eddies Snacks & Smokes,Eddies Snacks & Smokes LLC,6/16/2015,262,5th Ave,PA,15219.0,40.440665,-80.000665,9.0,Convenience Store,Central Business District
238,200908270001,Eden's Market,,8/1/2009,99,Alfred St,PA,15228.0,40.380757,-80.044191,9.0,Convenience Store,
239,45463,Eiben Services,Ron Eiben Inc,1/5/1990,2929,Churchview Ave,PA,15227.0,40.385355,-79.973001,9.0,Convenience Store,
240,49482,Elizabeth BP,,12/26/1993,141,Mckeesport Rd,PA,15037.0,40.274669,-79.883592,9.0,Convenience Store,
241,36267,Els Convenience Stop,,6/17/1984,1614,Penn Ave,PA,15221.0,40.442694,-79.867069,9.0,Convenience Store,
242,200307140002,Ethnic Foods,,6/27/2003,4371,Murray Ave,PA,15217.0,40.420038,-79.928022,9.0,Convenience Store,Greenfield
243,200408120001,Etna Express,Javed I Ahmeo Inc,8/9/2004,421,Butler St,PA,15223.0,40.498662,-79.944097,9.0,Convenience Store,
244,201304190001,Express Mini Mart @ BP Fueland,Varneeraj Corp,4/18/2013,501,Lowries Run Rd,PA,15237.0,40.533915,-80.053035,9.0,Convenience Store,
245,201601220010,Express Uni-Mart,,1/14/2016,612,Old Clairton Rd,PA,15236.0,40.324988,-79.957677,9.0,Convenience Store,
246,201411100001,Exxon Cheswick,Bhangal LLC,10/21/2014,1003,Freeport Rd,PA,15024.0,40.540678,-79.814181,9.0,Convenience Store,
247,201210300001,EZ Energy #305 / 7 Eleven #36185H,7 Eleven Inc,10/22/2012,2269,Noblestown Rd,PA,15205.0,40.42805,-80.053313,9.0,Convenience Store,Westwood
248,201211270008,EZ Energy #308 / 7 Eleven #36188H,7 Eleven Inc,11/20/2012,4775,Mcknight Rd,PA,15237.0,40.521671,-80.005583,9.0,Convenience Store,
249,201210190004,EZ Energy #309 / 7 Eleven Store #36189H,7-Eleven Inc,10/16/2012,6250,Library Rd,PA,15102.0,40.293358,-80.031019,9.0,Convenience Store,
250,201210170001,EZ Energy #315 / 7 Eleven #36195H,7 Eleven Inc,10/15/2012,2,Heckle Rd,PA,15136.0,40.474295,-80.094876,9.0,Convenience Store,
251,201211270009,EZ Energy #354 / 7 Eleven #36199H,7 Eleven Inc,11/20/2012,1102,Perry Highwayghway,PA,15237.0,40.544999,-80.035607,9.0,Convenience Store,
252,201210240004,EZ Energy #361 / 7 Eleven #36205H,7-Eleven Inc,10/12/2012,6106,Saltsburg Rd,PA,15147.0,40.484089,-79.818876,9.0,Convenience Store,
253,200602010001,Family Dollar #7199,Family Dollar Stores of PA Inc,1/23/2006,1917,Centre Ave,PA,15213.0,40.443703,-79.980664,9.0,Convenience Store,Crawford-Roberts
254,200812090001,Fast Eddie's Food-N-Fuel / G-Man Pizza & Deli,Route 30 Development LLP,11/24/2008,1424,U.S. Route 30,PA,15026.0,40.493478,-80.306274,9.0,Convenience Store,
255,42946,Fast Stop,,10/26/1987,620,Mcgovern Blvd,PA,15108.0,40.54535,-80.218291,9.0,Convenience Store,
256,56962,Forbes Ave Market,,11/14/1997,2005,Forbes Av,PA,15219.0,40.437573,-79.977418,9.0,Convenience Store,Bluff
257,40715,Fourth St Market,,4/15/1986,529,4th St,PA,15104.0,40.407309,-79.869172,9.0,Convenience Store,
258,200903120007,Frankstown Shell,SG II Group LLC,2/26/2009,6701,Frankstown Ave,PA,15208.0,40.458838,-79.90757,9.0,Convenience Store,Homewood West
259,51538,Fratangelo Garden,,4/26/1994,1014,Brodhead Rd,PA,15108.0,40.525828,-80.224015,9.0,Convenience Store,
260,200808260002,Frick Park Market,Frick Park Market LLC,8/11/2008,7103,Reynolds St,PA,15208.0,40.447214,-79.905123,9.0,Convenience Store,Point Breeze
261,54565,Friend's Shell Food Shop,,11/21/1995,5735,Baum Blvd,PA,15206.0,40.458897,-79.932637,9.0,Convenience Store,East Liberty
262,201305130006,Fueland,Yogi Oil Corporation,5/7/2013,801,Island Av,PA,15136.0,40.473586,-80.063464,9.0,Convenience Store,
263,55778,Fueland #1,Milo C Ritton Inc,9/6/1996,431,West 7th Ave,PA,15120.0,40.402631,-79.917951,9.0,Convenience Store,
264,201305080004,Fulland Green Tree,Mahdev Corp,5/1/2013,2373,Noblestown Rd,PA,15205.0,40.426565,-80.056017,9.0,Convenience Store,
265,201505060002,Gaby Et Jules @ Market Street Grocery,Gaby Et Jules LLC,4/27/2015,435,Market St,PA,15222.0,40.441173,-80.002364,9.0,Convenience Store,Central Business District
266,201009270004,Garfield Hill Market,Garfield Hill Market Inc,9/23/2010,340,N. Aiken Av,PA,15206.0,40.467559,-79.93441,9.0,Convenience Store,Garfield
267,201211050003,Gas n' At,,10/29/2012,5700,Homeville Rd,PA,15122.0,40.366344,-79.871442,9.0,Convenience Store,
268,201507020001,Get Go #3205,Giant Eagle Inc,6/26/2015,350,East Main St,PA,15106.0,40.409689,-80.082978,9.0,Convenience Store,
269,201204090004,Get It Quick,Accurate Business Solutions Inc,4/5/2012,500,Garden City Dr,PA,15146.0,40.44872,-79.780666,9.0,Convenience Store,
270,201301230002,Getgo # 3003,Giant Eagle Inc,1/11/2013,3247,E Carson St,PA,15203.0,40.423126,-79.960079,9.0,Convenience Store,South Side Flats
271,201302080001,Getgo #3021,Giant Eagle Inc,1/31/2013,7675,Mcknight Rd,PA,15237.0,40.545311,-80.016893,9.0,Convenience Store,
272,201010200002,GetGo #3038,Giant Eagle Inc,10/14/2010,5801,Forward Av,PA,15217.0,40.429982,-79.923159,9.0,Convenience Store,Squirrel Hill South
273,200901200011,GetGo #3043,Giant Eagle Inc,12/10/2008,140,Towne Center Dr,PA,15090.0,40.631618,-80.055692,9.0,Convenience Store,
274,200408260003,GetGo #3060,Giant Eagle Inc,8/23/2004,4000,Monroeville Blvd,PA,15146.0,40.435393,-79.77265,9.0,Convenience Store,
275,45197,GetGo #3102,Giant Eagle Inc,9/9/1989,1137,WasHighwayngton Av,PA,15106.0,40.396745,-80.084329,9.0,Convenience Store,
276,200605110004,Getgo #3106,Giant Eagle Inc,5/8/2006,408,Penn Av,PA,15221.0,40.444932,-79.88936,9.0,Convenience Store,
277,44982,GetGo #3107,Giant Eagle Inc,8/7/1989,4000,Butler St,PA,15201.0,40.468733,-79.961717,9.0,Convenience Store,Central Lawrenceville
278,45187,GetGo #3117,Giant Eagle Inc,9/27/1989,117,S 18th St,PA,15203.0,40.427557,-79.980338,9.0,Convenience Store,South Side Flats
279,200411080012,GetGo #3128,Giant Eagle Inc,11/30/2004,5281,Library Rd,PA,15102.0,40.331327,-80.02207,9.0,Convenience Store,
280,44987,GetGo #3140,Giant Eagle Inc,8/4/1989,4685,Old Wm Penn Hwy,PA,15146.0,40.440985,-79.742885,9.0,Convenience Store,
281,200708170004,GetGo #3172,Giant Eagle Inc,8/10/2007,1081,Freeport Rd,PA,15238.0,40.488003,-79.883677,9.0,Convenience Store,
282,201301040006,Getgo #3185,Giant Eagle Inc,12/19/2012,1200,Hoffman Blvd,PA,15122.0,40.382719,-79.868215,9.0,Convenience Store,
283,200106140006,GetGo #3188,Giant Eagle Inc,5/8/2001,1001,Lebanon Rd,PA,15122.0,40.361538,-79.932066,9.0,Convenience Store,
284,200508020004,GetGo #3486,Giant Eagle Inc,7/10/2005,800,Allegheny River Blvd,PA,15147.0,40.506894,-79.843134,9.0,Convenience Store,
285,200508230013,Getgo #3487,Giant Eagle Inc,8/12/2005,801,Mt Royal Blvd,PA,15233.0,40.51415,-79.95942,9.0,Convenience Store,
286,200508150004,GetGo #3488,Giant Eagle Inc,8/9/2005,5603,Babcock Blvd,PA,15237.0,40.546976,-80.02915,9.0,Convenience Store,
287,200508230014,Getgo #3489,Giant Eagle Inc,8/12/2005,2401,Ferguson Rd,PA,15101.0,40.555705,-79.971377,9.0,Convenience Store,
288,200701250002,Getgo #3600,Giant Eagle Inc,12/8/2006,2811,Jacks Run Rd,PA,15131.0,40.338101,-79.807652,9.0,Convenience Store,
289,200507200001,GetGo #3616,Giant Eagle Inc,7/12/2005,3601,Saw Mill Run Blvd,PA,15227.0,40.372147,-79.981536,9.0,Convenience Store,
290,201011090002,Getgo #3641,Giant Eagle Inc,11/4/2010,3029,WasHighwayngton Pike,PA,15017.0,40.173242,-80.24199,9.0,Convenience Store,
291,201108040001,Getgo #3642,Giant Eagle Inc,7/28/2011,6507,University Blvd,PA,15108.0,40.518266,-80.218658,9.0,Convenience Store,
292,200708240002,Getgo #3691,Giant Eagle Inc,8/17/2007,4099,Grandview Dr,PA,15044.0,40.643031,-79.937868,9.0,Convenience Store,
293,201405220003,Getgo Elizabeth #3005,Giant Eagle Inc,5/16/2014,1000,Hayden Blvd,PA,15037.0,40.264741,-79.879445,9.0,Convenience Store,
294,43906,Glassmere Fuel Service #205,,8/16/1988,1967,Saxonburg Blvd,PA,15084.0,40.629201,-79.855635,9.0,Convenience Store,
295,201409260002,Good News,Good News,9/18/2014,625,Stanwix St,PA,15222.0,40.443227,-80.004835,9.0,Convenience Store,Central Business District
296,57827,Greyhound Frankstown Sunoco A Plus,,11/17/1998,6481,Fransktown Ave,PA,15206.0,40.460783,-79.913953,9.0,Convenience Store,Larimer
297,201409150001,Gulf Gas Station - Bridgeville,Shiv Oil Inc,9/11/2014,449,Railroad St,PA,15017.0,40.357899,-80.110312,9.0,Convenience Store,
298,200406140003,Hampton Sunoco,Rose Oil Co,6/3/2004,4785,Wm Flynn Hwy,PA,15101.0,40.596714,-79.948208,9.0,Convenience Store,
299,201405050003,Hanini Market,Izmar Corporation,4/22/2014,3245,Brighton Rd,PA,15212.0,40.476384,-80.031944,9.0,Convenience Store,Marshall-Shadeland
300,201604040003,Hanini Market,Sham2015 LLC,1/1/2016,549,Bessemer Av,PA,15112.0,40.395204,-79.839383,9.0,Convenience Store,
301,201206060016,Hanini Market/ Hanini Subs,RSIM Foods Inc,5/31/2012,1105,Franklin Av,PA,15221.0,40.439089,-79.878795,9.0,Convenience Store,
302,200501110001,Happy Minimart,Happy Minimart Inc,1/4/2005,1300,Brodhead Rd,PA,15108.0,40.535015,-80.229455,9.0,Convenience Store,
303,200608240002,Happy Minimart,Happy Minimart Inc,8/14/2006,512,E Pikettsburgh - Mckeesport Blvd,PA,15137.0,40.369823,-79.8292,9.0,Convenience Store,
304,201003300009,Harvest Valley Farms,,3/26/2010,6003,Cunningham Rd,PA,15044.0,40.663894,-79.934941,9.0,Convenience Store,
305,200903250001,Harv's Shell Station,Stickler Service LLC,3/24/2009,2501,Brighton Rd,PA,15212.0,40.466959,-80.025229,9.0,Convenience Store,Marshall-Shadeland
306,201410240005,Homewood's Quik Pick,,10/22/2014,7201,Frankstown Av,PA,15208.0,40.45752,-79.8961,9.0,Convenience Store,Homewood North
307,57252,Honey Bear/Spee-D Mart #223,Graft Oil Co / OCI Inc,4/1/1998,2131,Ardmore Blvd,PA,15221.0,40.418907,-79.848982,9.0,Convenience Store,
308,200910260002,In & Out Market,,10/21/2009,300,Helen St,PA,15136.0,40.474126,-80.057105,9.0,Convenience Store,
309,201503160002,Indian Grocery Oakland,Ladani Perto Inc,3/11/2015,319,Craig St,PA,15213.0,40.4451,-79.948482,9.0,Convenience Store,North Oakland
310,46566,J & K Plus Store #102,,7/30/1990,901,Elizabeth St,PA,15221.0,40.426262,-79.841255,9.0,Convenience Store,
311,200908100007,J & S Food Mart,JHS Singh Enterprise LLC,8/5/2009,625,W Grant St,PA,15110.0,40.37177,-79.851733,9.0,Convenience Store,
312,201104290005,J J's Deli Mart,Deepak Inc,4/22/2011,2300,Versailles Av,PA,15132.0,40.345639,-79.849166,9.0,Convenience Store,
313,32897,J&M Dariette,,6/17/1984,552,3rd St,PA,15025.0,40.292983,-79.881361,9.0,Convenience Store,
314,201507210003,Jack's Market & Coffee Shop,Jack's Market & Coffee Shop Inc,7/16/2015,245,8th Av,PA,15120.0,40.408016,-79.909637,9.0,Convenience Store,
315,201506080001,Jade 99 Asian Supermaket,Jade 99 Asian Supermarket LLC,8/1/2014,2112,Penn Av,PA,15222.0,40.451847,-79.982434,9.0,Convenience Store,Strip District
316,201206180001,Jessie's Westside Market,,6/12/2012,3038,Chartiers Av,PA,15204.0,40.454017,-80.05974,9.0,Convenience Store,Sheraden
317,201312230005,J-N-J Convenience Store,J-N-J Convenience Store LLC,12/17/2013,646,Herron Av,PA,15219.0,40.452605,-79.964261,9.0,Convenience Store,Upper Hill
318,389,Joes Butcher Shop,,4/1/1976,502,Broadway Av,PA,15140.0,40.401989,-79.777692,9.0,Convenience Store,
319,201507020011,K-2 Convenience Store,New Indus Corporation Inc,6/29/2015,4900,Penn Av,PA,15224.0,40.464939,-79.94488,9.0,Convenience Store,Bloomfield
320,641,Ken's Grocery,,6/17/1984,216,Beltzhoover Ave,PA,15210.0,40.420099,-79.997633,9.0,Convenience Store,Beltzhoover
321,200603170003,Kiev International Food,Kiev International Market,3/6/2006,4223,Murray Ave,PA,15217.0,40.422509,-79.928598,9.0,Convenience Store,Greenfield
322,201404150004,Kubaa Oriental Grocery,,4/9/2014,613,OHighwayo St,PA,15212.0,40.453617,-79.998695,9.0,Convenience Store,East Allegheny
323,45281,Kudla's Service Center,Kudla's Service Center LLC,10/20/1989,2733,South Park Road,PA,15102.0,40.327631,-80.031909,9.0,Convenience Store,
324,57061,Kwik Fill #239 S0001,United Refining Co Of Pa,1/6/1998,152,Mcgovern Blvd,PA,15046.0,40.563829,-80.227708,9.0,Convenience Store,
325,35349,Kwik Fill S0171,United Refining Co Of Pa,1/1/1980,400,Allegheny River Blvd,PA,15139.0,40.516465,-79.842597,9.0,Convenience Store,
326,46734,L A Grocery,West Indian American Grocers,12/12/1990,511,Larimer Ave,PA,15206.0,40.465579,-79.914188,9.0,Convenience Store,Larimer
327,200403180001,L E Corner Store,,3/16/2004,601,Lincoln Ave,PA,15206.0,40.461804,-79.907894,9.0,Convenience Store,Larimer
328,51131,Labad's Mediterranean Cafe & Grocery,,12/13/1993,1727,Penn Av,PA,15222.0,40.450316,-79.985441,9.0,Convenience Store,Strip District
329,38824,Labriola Italian World,,12/27/1984,605,Freeport Rd,PA,15215.0,40.488444,-79.898703,9.0,Convenience Store,
330,200908100005,Last Minit Mart in Blawnox,Last Minit Mart Inc,8/3/2009,164,Freeport Rd,PA,15238.0,40.491362,-79.865556,9.0,Convenience Store,
331,200901290003,Lebanon Shops Pharmacy,"Thomas C Riley / Gene A Riley PRTS, Lebanon Shop Pharmacy",1/21/2009,300,Mt Lebanon Blvd,PA,15234.0,40.368707,-80.034816,9.0,Convenience Store,
332,199912010004,Le's Super Grocery Kart,,11/24/1999,5482,Penn Ave,PA,15206.0,40.463967,-79.932666,9.0,Convenience Store,Friendship
333,49364,Liberty News,Chandan Corp,12/3/1992,602,Liberty Av,PA,15222.0,40.441824,-80.001535,9.0,Convenience Store,Central Business District
334,201507020008,Linea Verde - Green Market,,6/26/2015,4619,Liberty Av,PA,15224.0,40.462519,-79.950128,9.0,Convenience Store,Bloomfield
335,201402200002,Los Campos,,8/29/2013,11566,Perry Highwayghway,PA,15090.0,40.625991,-80.054021,9.0,Convenience Store,
336,201012020001,Lovedale Valero,,11/19/2010,2002,Lincoln Blvd,PA,15037.0,40.278924,-79.874895,9.0,Convenience Store,
337,200303130006,Lucky Bucks,Carbern Foods Inc,2/10/2003,125,Virginia Ave,PA,15211.0,40.429437,-80.008009,9.0,Convenience Store,Mount Washington
338,200401140002,Marathon Imperial Tri-State Petroleum #213,Tri-State Petroleum Corp,1/12/2004,150,U.S. Route 30,PA,15071.0,40.440899,-80.238239,9.0,Convenience Store,
339,200203270003,Marathon Tri-State Petroleum #201,Tri-State Petroleum Corp,3/22/2002,956,Greentree Rd,PA,15220.0,40.419694,-80.04666,9.0,Convenience Store,
340,200203250003,Marathon Tri-State Petroleum #203,Tri-State Petroleum Corp,3/21/2002,2022,WasHighwayngton Pike,PA,15106.0,40.173242,-80.24199,9.0,Convenience Store,
341,200606120013,Marathon Tri-State Petroleum #219,Tri-State Petroleum Corp,6/6/2006,3500,Forbes Ave,PA,15213.0,40.439904,-79.95801,9.0,Convenience Store,Central Oakland
342,200903190004,Marathon Tri-State Petroleum #221,Tri-State Petroleum Corp,3/17/2009,100,7th Av,PA,15084.0,40.601875,-79.756348,9.0,Convenience Store,
343,200801250006,Marathon Tri-State Petroleum #222,Tri-State Petroleum,1/23/2008,2601,Freeport Rd,PA,15238.0,40.537383,-79.839998,9.0,Convenience Store,
344,201301040010,Marathon Tri-State Petroleum #223,Tri State Petroleum,12/21/2012,6680,Frankstown Av,PA,15235.0,40.458544,-79.908615,9.0,Convenience Store,Larimer
345,200904130002,Marathon Tri-State Petroleum #224,Tri-State Petroleum,4/6/2009,4010,Penn Av,PA,15224.0,40.464964,-79.95759,9.0,Convenience Store,Bloomfield
346,201308090002,Market on Middle,Environmental Transformation LLC,8/5/2013,2130,Middle Rd,PA,15116.0,40.548525,-79.934689,9.0,Convenience Store,
347,52202,Marshall's Exxon,Marshall Wood Works Ltd,7/20/1994,1520,Spring Garden Ave,PA,15212.0,40.464747,-79.98595,9.0,Convenience Store,Spring Garden
348,48562,Mascari's Duncan Manor Exxon / Staks,Mascari Fuel Company,6/25/1992,1700,Ferguson Rd,PA,15101.0,40.565659,-79.9987,9.0,Convenience Store,
349,201506120007,Mash Mini Mart,MAA United LLC,6/1/2015,4341,Old Wm Penn Highway,PA,15146.0,40.443278,-79.773673,9.0,Convenience Store,
350,199909280002,Mauro's Exxon,,9/28/1999,7409,Saltsburg Rd,PA,15235.0,40.477696,-79.784625,9.0,Convenience Store,
351,200002110003,McKees Rocks Sunoco A Plus,Tulsi Oil Corporation,2/3/2000,351,Stanhope St,PA,15204.0,40.46336,-80.05625,9.0,Convenience Store,Esplen
352,201205100006,Meme's Market,Meme's Market Inc,5/7/2012,1608,Walz St,PA,15212.0,40.46336,-79.991069,9.0,Convenience Store,Spring Hill-City View
353,201310030005,Mike's Spot,Shreeji Enterprise LLC,9/27/2013,815,Universal Rd,PA,15235.0,40.461123,-79.811884,9.0,Convenience Store,
354,200508090001,Mini-Mitch Quick Stop,Mitchell's Rest & Bar Inc,8/5/2005,304,Ross St,PA,15219.0,40.437105,-79.996495,9.0,Convenience Store,Central Business District
355,200006080004,Morningside Market,Harish K & Chandra Dulani,6/5/2000,1748,CHighwayslett St St,PA,15206.0,40.485217,-79.92578,9.0,Convenience Store,Morningside
356,201412040003,Mr C's Convenience Store,Second Impressions New & Used LLC,12/1/2014,350,Center Av,PA,15229.0,40.516583,-80.02187,9.0,Convenience Store,
357,201210290003,Natoli's Market,RNDD,10/17/2012,5045,Bakerstown Rd,PA,15044.0,40.661682,-80.003907,9.0,Convenience Store,
358,200508010002,Nelson Community Store,,7/27/2005,92,Sylvania Ave,PA,15210.0,40.417031,-80.00607,9.0,Convenience Store,Beltzhoover
359,200601050011,New Young's Oriental Grocery,,12/21/2005,5813,Forward Ave,PA,15217.0,40.42973,-79.922853,9.0,Convenience Store,Squirrel Hill South
360,201011120004,Oakhill Convenient Store,,11/9/2010,132,Burrows St,PA,15213.0,40.439166,-79.966686,9.0,Convenience Store,West Oakland
361,200906170007,OM Enterprise,,6/15/2009,601,Mcneilly Rd,PA,15226.0,40.383053,-80.020965,9.0,Convenience Store,
362,54329,On the Go Market,Premier Station Inc,9/15/1995,2873,W Liberty Av,PA,15216.0,40.395561,-80.033092,9.0,Convenience Store,
363,201212120009,One Stop,,12/3/2012,3601,Blvd Of The Allies,PA,15213.0,40.434751,-79.954267,9.0,Convenience Store,Central Oakland
364,200209260001,Optima #1386,Sunoco Inc R&M,9/20/2002,107,Walmart Dr,PA,15137.0,40.387172,-79.82252,9.0,Convenience Store,
365,199902220002,P & W Mini Mart,P & W Auto Spa Partnership,2/12/1999,410,Scenery Dr,PA,15037.0,40.277157,-79.837797,9.0,Convenience Store,
366,56172,Parkway Service B P,,1/23/1997,910,Saw Mill Run Blvd,PA,15220.0,40.426572,-80.022275,9.0,Convenience Store,Duquesne Heights
367,57541,ParMar Store #56,Dr Petroleum Co,7/23/1998,8197,Mcknight Rd,PA,15237.0,40.557547,-80.023367,9.0,Convenience Store,
368,201402040002,Penn Hills Sunoco,Jeet Enterprise Inc,1/28/2014,3899,Old William Penn Highway,PA,15235.0,40.444181,-79.81354,9.0,Convenience Store,
369,200401090003,Penn Sunoco,Penn Management Inc,1/7/2004,4068,Penn Ave,PA,15224.0,40.465415,-79.955315,9.0,Convenience Store,Bloomfield
370,42919,People's Grocery,,10/14/1987,5136,Penn Ave,PA,15224.0,40.464646,-79.941379,9.0,Convenience Store,Bloomfield
371,2412,Perriello Produce,,8/20/1992,208,7th Av,PA,15084.0,40.600196,-79.761249,9.0,Convenience Store,
372,199909300002,Pirollo's Delicatessen,,9/27/1999,307,Hulton Rd,PA,15147.0,40.489741,-79.819455,9.0,Convenience Store,
373,200104300003,Pitcairn Sunoco,,4/24/2001,479,Broadway Blvd,PA,15140.0,40.401542,-79.778113,9.0,Convenience Store,
374,200502010005,Plum Convenience,Plum Convenience Inc,1/27/2005,7615,Saltsburg Rd,PA,15239.0,40.476307,-79.778563,9.0,Convenience Store,
375,201506220012,Plum Sunoco,Dhan Laxmi Corp,6/15/2015,255,Unity Center Rd,PA,15239.0,40.489993,-79.780528,9.0,Convenience Store,
376,201101310003,PNC C Store,Parkhurst Dining,2/1/2011,620,Liberty Av,PA,15222.0,40.441767,-80.000839,9.0,Convenience Store,Central Business District
377,201202030009,PNK Store,,1/30/2012,490,North Av,PA,15212.0,40.456629,-80.002082,9.0,Convenience Store,Central Northside
378,294,Podmilsak's Market,,1/1/1950,200,Herron Av,PA,15024.0,40.542758,-79.814823,9.0,Convenience Store,
379,200606090001,Popeye's Mini Mart,Popeye's Mini Mart LLC,6/7/2006,1510,Saxonburg Blvd,PA,15084.0,40.653924,-79.839314,9.0,Convenience Store,
380,201206120010,Presto Qwik Stop,,6/5/2012,5237,Thoms Run Rd,PA,15142.0,40.373335,-80.119033,9.0,Convenience Store,
381,200411020002,Prestogeorge Fine Foods,Prestogeorge Fine Foods Inc,10/27/2004,1719,Penn Av,PA,15222.0,40.450211,-79.98572,9.0,Convenience Store,Strip District
382,200108230004,Produce Plus Market & Deli,Produce Plus Market & Deli Inc,8/17/2001,471,Lincoln Ave,PA,15202.0,40.494989,-80.054846,9.0,Convenience Store,
383,200607210004,Quick Stop,Rayaraj Inc,7/17/2006,3349,Liberty Ave,PA,15201.0,40.461868,-79.966514,9.0,Convenience Store,Lower Lawrenceville
384,201110240001,Quick Stop Sunoco,Sitaram Enterprises Inc,10/12/2011,1640,Saw Mill Run Blvd,PA,15210.0,40.396477,-79.998692,9.0,Convenience Store,Brookline
385,200112030002,Quik Serv,Quik Serv LLC,11/16/2001,400,Union Ave,PA,15202.0,40.50403,-80.061799,9.0,Convenience Store,
386,200812220002,R & M Variety Store,Laxmi Narayana Corp,12/8/2008,1739,Pennsylvania Ave,PA,15122.0,40.361839,-79.861016,9.0,Convenience Store,
387,201405270001,Red Paprika Foods,,5/22/2014,1900,Grandview Av,PA,15132.0,40.339959,-79.837052,9.0,Convenience Store,
388,201501140010,Reyes Tienda Mexicana,,1/5/2015,413,Semple St,PA,15213.0,40.43699,-79.954397,9.0,Convenience Store,Central Oakland
389,200001120003,Rite Aid Pharmacies #10910,Rite Aid Corp,1/12/2000,4927,Homeville Rd,PA,15122.0,40.38208,-79.876636,9.0,Convenience Store,
390,201007200001,Rocks Express,,7/16/2010,700,Frederick St,PA,15136.0,40.471394,-80.064844,9.0,Convenience Store,
391,201509010002,Rockwell Market/Rockwell Hall @ Duquesne Univ.,Parkhurst Dining,8/26/2015,600,Forbes Av,PA,15282.0,40.436981,-79.990244,9.0,Convenience Store,Bluff
392,201512240012,Rossi's Market,SJ Retail Services LLC,12/16/2015,64,Forest Grove Rd,PA,15108.0,40.481197,-80.130734,9.0,Convenience Store,
393,200108150026,Ruthfred Market,MINPRO Inc,8/9/2001,3400 Suite 4,South Park Rd,PA,15102.0,40.321783,-80.057607,9.0,Convenience Store,
394,201410270003,S & S Express Food Mart,S & S Express Food Mart Inc,10/15/2014,922,Main St,PA,15215.0,40.494685,-79.932775,9.0,Convenience Store,
395,201101070003,Salem's Market,,12/16/2010,2923,Penn Av,PA,15201.0,40.458405,-79.973699,9.0,Convenience Store,Strip District
396,201411050001,Samba Mini Mart,Nasser Inc,10/7/2014,2520,Bedford Av,PA,15219.0,40.450651,-79.972121,9.0,Convenience Store,Bedford Dwellings
397,55829,Sam's Market,,9/23/1996,1712,5th Ave,PA,15219.0,40.438268,-79.982097,9.0,Convenience Store,Bluff
398,200410260006,Seoul Mart,,10/12/2004,4701,5th Ave,PA,15213.0,40.447245,-79.947201,9.0,Convenience Store,Shadyside
399,201405130002,SG Management Services,SG Management,12/13/2013,9411,University Blvd,PA,15108.0,40.501966,-80.221436,9.0,Convenience Store,
400,59,Shadyside Market,,6/17/1984,5414,Walnut St,PA,15232.0,40.450679,-79.934926,9.0,Convenience Store,Shadyside
401,38045,Sheetz #115,Sheetz Inc,6/29/1984,8607,Perry Hwy,PA,15237.0,40.561828,-80.039532,9.0,Convenience Store,
402,40721,Sheetz #130,Sheetz Inc,4/15/1986,899,Freeport Rd,PA,15030.0,40.582036,-79.778802,9.0,Convenience Store,
403,201209120002,Sheetz #189,Sheetz Inc,8/24/2012,1505,Pikettsburgh St,PA,15024.0,40.541803,-79.798793,9.0,Convenience Store,
404,47903,Sheetz #190,Sheetz Inc,12/12/1991,2003,Golden Mile Hwy,PA,15239.0,40.454908,-79.711646,9.0,Convenience Store,
405,57467,Sheetz #253,Sheetz Inc,6/19/1998,251,Curry Hollow Rd,PA,15236.0,40.336173,-79.970867,9.0,Convenience Store,
406,200004270003,Sheetz #277,Sheetz Inc,4/12/2000,12000,Perry Hwy,PA,15090.0,40.634005,-80.059307,9.0,Convenience Store,
407,200209200006,Sheetz #327,Sheetz Inc,9/26/2002,2100,Mosside Blvd,PA,15146.0,40.39754,-79.768583,9.0,Convenience Store,
408,200401070002,Sheetz #353,Sheetz Inc,12/11/2003,5410,Campbells Run Rd,PA,15205.0,40.448,-80.157482,9.0,Convenience Store,
409,200409170005,Sheetz #360,Sheetz Inc,9/10/2004,3954,Wm Penn Hwy,PA,15146.0,40.437687,-79.774258,9.0,Convenience Store,
410,200606130003,Sheetz #376,Sheetz Inc,6/8/2006,1000,Clairton Blvd,PA,15236.0,40.320335,-79.942773,9.0,Convenience Store,
411,200512070001,Sheetz #379,Sheetz Inc,11/30/2005,9002,University Blvd,PA,15108.0,40.503227,-80.222988,9.0,Convenience Store,
412,201105090002,Sheetz #459,Sheetz Inc,5/6/2011,2175,Hulton Rd,PA,15147.0,40.526468,-79.817038,9.0,Convenience Store,
413,201108050002,Sheetz #468,Sheetz Inc,8/2/2011,3457,Wm Penn Highway,PA,15235.0,40.43046,-79.811288,9.0,Convenience Store,
414,201112080006,Sheetz #476,Sheetz Inc,11/30/2011,3025,Babcock Blvd,PA,15237.0,40.514787,-80.009388,9.0,Convenience Store,
415,201305240007,Sheetz #515,Sheetz Inc,5/17/2013,4599,Library Rd,PA,15102.0,40.350845,-80.022411,9.0,Convenience Store,
416,48607,Shenderovich In & Out Market,,7/15/1992,1101,Powers Run Rd,PA,15238.0,40.510035,-79.855995,9.0,Convenience Store,
417,56716,Shenot's Farm Market,,8/12/1997,3754,Wexford Run Rd,PA,15090.0,40.625993,-80.079141,9.0,Convenience Store,
418,200112210004,Shop N Go One,Jas Web Inc,12/19/2001,6001,Buttermilk Hollow Rd,PA,15207.0,40.362516,-79.907245,9.0,Convenience Store,Lincoln Place
419,201507020006,Shuman's Market,Naela Shuman,6/24/2015,7210,Frankstown Av,PA,15236.0,40.457053,-79.89605,9.0,Convenience Store,Homewood South
420,703,Sil's,LLC Irwin Lederstein,4/8/1992,6000,Noblestown Rd,PA,15071.0,40.398362,-80.187505,9.0,Convenience Store,
421,40540,Smithfield News,Weiss Enterprises,3/5/1986,115,Smithfield St,PA,15222.0,40.43772,-80.000475,9.0,Convenience Store,Central Business District
422,40745,Soergel's Orchards,,4/28/1986,2573,Brandt School Rd,PA,15090.0,40.61395,-80.092426,9.0,Convenience Store,
423,201306120001,Sophia's,Sophia's Resale Shop LLC,6/5/2013,2918,Walnut St,PA,15132.0,40.331257,-79.845268,9.0,Convenience Store,
424,200810220017,Soup Du Jour,Von Genther Holdings Limited,10/14/2008,2228,W Hardies Rd,PA,15044.0,40.594321,-79.969859,9.0,Convenience Store,
425,200204260005,South Fayette Sunoco,Mike & Rob Inc,4/15/2002,140,Millers Run Rd,PA,15017.0,40.357055,-80.119649,9.0,Convenience Store,
426,200601270003,South Park Convenience Store,,1/19/2006,5660,Brownsville Rd,PA,15236.0,40.330738,-79.987682,9.0,Convenience Store,
427,201306250005,Speedway #2900,Speedway LLC,6/19/2013,4830,Wm Penn Highway,PA,15146.0,40.427386,-79.718529,9.0,Convenience Store,
428,201306250006,Speedway #2901,Speedway LLC,6/19/2013,4380,Old Wm Penn Highway,PA,15146.0,40.443721,-79.767945,9.0,Convenience Store,
429,201410170001,Speedway #2902,Speedway LLC,10/14/2014,4420,Browns Highwayll Rd,PA,15217.0,40.419217,-79.92745,9.0,Convenience Store,Greenfield
430,201409050010,Speedway #2905,Speedway LLC,8/29/2014,303,Hulton Rd,PA,15139.0,40.526263,-79.842197,9.0,Convenience Store,
431,201501150002,Speedway #2906,Speedway LLC,1/13/2015,1700,Lincoln Highway,PA,15137.0,40.369983,-79.786291,9.0,Convenience Store,
432,201501070005,Speedway #2910,Speedway LLC,12/17/2014,5701,Grand Av,PA,15225.0,40.511928,-80.131934,9.0,Convenience Store,
433,201411210005,Speedway #2911,Speedway LLC,11/26/2014,1200,Long Run Rd,PA,15131.0,40.333078,-79.812564,9.0,Convenience Store,
434,201312090010,Speedway #6503,Speedway LLC,12/3/2013,2325,5th Ave,PA,15132.0,40.353945,-79.837531,9.0,Convenience Store,
435,201101070001,Speedy Food Mart,Bellevue Tobacco & News LLC,12/15/2010,1602,5th Av,PA,15108.0,40.513292,-80.153687,9.0,Convenience Store,
436,201204120005,St Clair Mini Mart,Krupa Gas Corporation,4/10/2012,2520,WasHighwayngton Rd,PA,15241.0,40.318801,-80.088453,9.0,Convenience Store,
437,200511150005,Stetor's Red Hot Dollar,,11/8/2005,706,Monongahela Ave,PA,15045.0,40.324036,-79.892756,9.0,Convenience Store,
438,201405190002,Stop - N - Go,Plaza Stop - N - Go Inc,5/9/2014,21,Yost Blvd,PA,15221.0,40.414006,-79.847312,9.0,Convenience Store,
439,201106210020,Stop N Shop,Hari Krishnji Corp,6/1/2011,2110,Ardmore Blvd,PA,15221.0,40.419144,-79.849932,9.0,Convenience Store,
440,201508270012,Sub Stop-Marathon,Fayad Enterprise Inc,8/20/2015,2929,Saw Mill Run Blvd,PA,15227.0,40.377249,-79.98595,9.0,Convenience Store,
441,201304250005,Sultan Bey,Dollar Plus,4/23/2013,4601,Centre Av,PA,15213.0,40.452112,-79.951943,9.0,Convenience Store,North Oakland
442,201409050003,Sunoco,Kesari Petro Aspinwall,8/26/2014,304,Freeport Rd,PA,15215.0,40.489247,-79.903111,9.0,Convenience Store,
443,200102200003,Sunoco #7144,Sunoco Inc R&M,2/15/2001,195,N Craig St,PA,15213.0,40.449447,-79.950929,9.0,Convenience Store,North Oakland
444,199901150003,Sunoco #7278,Sunoco Inc R&M,12/18/1998,339,Cochran Rd,PA,15228.0,40.382679,-80.052638,9.0,Convenience Store,
445,199901200003,Sunoco #7279,Sunoco Inc R&M,1/12/1999,3505,Library Rd,PA,15234.0,40.366409,-80.014537,9.0,Convenience Store,
446,35682,Sunoco #7353,Sunoco Inc R&M,6/17/1984,300,Grant Av,PA,15209.0,40.479566,-79.972147,9.0,Convenience Store,
447,38467,Sunoco #7359,Sunoco Inc R&M,9/20/1984,5600,Wm Flynn Hwy,PA,15044.0,40.636567,-79.942271,9.0,Convenience Store,
448,40543,Sunoco #7374,Sunoco Inc R&M,2/24/1986,4638,Clairton Blvd,PA,15236.0,40.355642,-79.980084,9.0,Convenience Store,
449,53007,Sunoco #7375,Sunoco Inc R&M,12/8/1994,310,Cedar Ave,PA,15212.0,40.45136,-80.000589,9.0,Convenience Store,East Allegheny
450,46335,Sunoco #7414,Sunoco Inc R&M,2/5/1992,4528,OHighwayo River Blvd,PA,15202.0,40.492161,-80.061419,9.0,Convenience Store,
451,54363,Sunoco #7416,Sunoco Inc R&M,9/28/1995,900,Butler St,PA,15223.0,40.511533,-79.946579,9.0,Convenience Store,
452,40118,Sunoco #7501,Sunoco Inc R&M,10/24/1985,521,Lincoln Hwy,PA,15112.0,40.384197,-79.823629,9.0,Convenience Store,
453,53708,Sunoco #7508,Sunoco Inc R&M,6/22/1995,1001,WasHighwayngton Pikeke,PA,15017.0,40.364368,-80.109853,9.0,Convenience Store,
454,200206040002,Sunoco / Banksville,SGII Pittsburgh,5/23/2002,1721,Banksville Rd,PA,15216.0,40.408932,-80.031892,9.0,Convenience Store,Beechview
455,53171,Sunoco / Brookline,,2/17/1995,533,Brookline Blvd,PA,15226.0,40.395893,-80.022597,9.0,Convenience Store,Brookline
456,199908100001,Sunoco A Plus #7517,Sunoco Inc R&M,8/3/1999,3299,Saw Mill Run Blvd,PA,15227.0,40.375975,-79.983538,9.0,Convenience Store,
457,34670,Sunoco A Plus Mini Market,Arco Inc,6/17/1984,3100,W Liberty Av,PA,15216.0,40.391603,-80.038999,9.0,Convenience Store,
458,57717,Sunoco A Plus Mini Market,Triisha-Neel Inc,9/25/1998,7701,Penn Ave,PA,15221.0,40.446748,-79.893321,9.0,Convenience Store,Point Breeze North
459,45763,Sunoco A Plus Mini Market,Vini Corp,4/26/1990,104,Clairton Blvd,PA,15236.0,40.338699,-79.959854,9.0,Convenience Store,
460,52337,Sunoco A Plus Mini Market,Sgii Group LLC,7/27/1994,514,N Highwayghland Ave,PA,15206.0,40.466264,-79.922323,9.0,Convenience Store,East Liberty
461,200406110002,Sunoco A Plus Mini Market #7372,Tnck Inc,6/9/2004,7403,WasHighwayngton Ave,PA,15218.0,40.420313,-79.889086,9.0,Convenience Store,
462,56386,Sunoco A Plus Mini Mart,Athwal Petroleum Inc,4/22/1997,427,Brownsville Rd,PA,15210.0,40.412254,-79.989191,9.0,Convenience Store,
463,200606050011,Sunoco A Plus Mini Mart,MSPG Inc,5/26/2006,1969,Lincoln Wa,PA,15131.0,40.339782,-79.810729,9.0,Convenience Store,
464,200407010001,Sunoco A Plus Mini Mart,S G II Centre Ave,6/25/2004,2350,Centre Ave,PA,15213.0,40.445465,-79.972421,9.0,Convenience Store,Middle Hill
465,200301160011,Sunoco A Plus Mini Mart #6968,Sunoco Inc R&M,1/14/2003,600,Rodi Rd,PA,15235.0,40.449297,-79.827395,9.0,Convenience Store,
466,54740,Sunoco A-Plus Mini Market #7485,Sunoco Inc R&M,1/31/1996,4779,Liberty Ave,PA,15224.0,40.46105,-79.947308,9.0,Convenience Store,Bloomfield
467,201605100001,Sunoco Choice Tobacco & Food Mart,Sanuf United Inc,5/3/2016,1855,Haymaker Rd,PA,15146.0,40.39172,-79.765819,9.0,Convenience Store,
468,200008040001,Sunoco Mini Market,Tejas Oil & Gas Inc,7/4/2000,9100,Perry Hwy,PA,15237.0,40.572347,-80.036602,9.0,Convenience Store,
469,200506150007,Sunoco Mini Mart,Nina's Mini Mart,6/2/2005,6700,University Blvd,PA,15108.0,40.51784,-80.220393,9.0,Convenience Store,
470,200604200009,Sunoco Mini Mart,Athwal Petroleum Inc,4/14/2006,1643,Arlington Ave,PA,15210.0,40.417998,-79.986695,9.0,Convenience Store,South Side Slopes
471,200703230001,Sunoco Mini Mart #0364070303,Gautam Patel,3/21/2007,127,Mcmurray Rd,PA,15241.0,40.326526,-80.065544,9.0,Convenience Store,
472,200011150003,Sunrise Sunoco A Plus,Omshiva Enterprises Inc,11/6/2000,1329,Babcock Blvd,PA,15209.0,40.495733,-79.97691,9.0,Convenience Store,
473,201201170004,Super Mart,USMA United Enterprise Inc,1/11/2012,1761,Pikene Hollow Rd,PA,15136.0,40.475685,-80.100421,9.0,Convenience Store,
474,57499,Super One Convience Store,,7/9/1998,2601,S Braddock Ave,PA,15218.0,40.415715,-79.876671,9.0,Convenience Store,
475,53205,Super Stop,Super Stop Convenience Stores Corp,2/28/1995,430,Kenmawr Ave,PA,15104.0,40.41182,-79.876268,9.0,Convenience Store,
476,200902040006,Taste Buds Convenience Store,Marks Inc,1/29/2009,1,Virginia Ave,PA,15211.0,40.429072,-80.00699,9.0,Convenience Store,Mount Washington
477,201105130004,The Elliott's Town Market,Lathia Investments LLC,5/5/2011,928,Chartiers Av,PA,15220.0,40.444006,-80.04029,9.0,Convenience Store,Elliott
478,36378,TJ's Deli Mart #1,Kehm Oil Co,6/17/1984,357,Lincoln Av,PA,15057.0,40.371517,-80.229326,9.0,Convenience Store,
479,48301,Today's Market,,4/1/1992,612,Allegheny River Blvd,PA,15139.0,40.51945,-79.842297,9.0,Convenience Store,
480,200401220004,Tokyo Japanese Food Store,Tsuda LTD,11/28/2003,5855,Ellsworth Ave,PA,15232.0,40.457633,-79.929286,9.0,Convenience Store,Shadyside
481,200606010008,Trail View,Shree Vinayak Inc,5/22/2006,209,Industry Rd,PA,15018.0,40.272498,-79.797693,9.0,Convenience Store,
482,201406120010,Triangle Mart,,5/1/2014,101,Amanda St,PA,15210.0,40.414525,-79.988346,9.0,Convenience Store,Knoxville
483,200505090004,Uni-Mart,Jallad Inc,5/4/2005,852,5th Av,PA,15108.0,40.518311,-80.167154,9.0,Convenience Store,
484,200504070009,Uni-Mart,Ying Mart Inc,4/5/2005,1926,Brownsville Rd,PA,15210.0,40.395132,-79.987094,9.0,Convenience Store,Carrick
485,200912100006,Uni-Mart,Akshar Convenience Corp,11/30/2009,298,Knoedler Rd,PA,15236.0,40.341799,-79.981533,9.0,Convenience Store,
486,201002120013,Uni-Mart,Hakazi Inc,2/1/2010,101,Fern Hollow Rd,PA,15108.0,40.520986,-80.192876,9.0,Convenience Store,
487,201307160014,Uni-Mart,Snt United Inc,7/9/2013,2321,Worton Blvd,PA,15122.0,40.360136,-79.87158,9.0,Convenience Store,
488,201003230002,Uni-Mart,Nilkanth Convenience Corp,3/17/2010,1601,Lowrie St,PA,15212.0,40.462532,-79.982963,9.0,Convenience Store,Troy Hill
489,201601110006,Uni-Mart,Jay Shakit LLC,1/7/2016,830,Allegheny River Blvd,PA,15139.0,40.524583,-79.840752,9.0,Convenience Store,
490,200802130005,Uni-Mart #94634,,2/11/2008,748,Brownsville Rd,PA,15210.0,40.408719,-79.991558,9.0,Convenience Store,Knoxville
491,201007300001,Up Town Minimart,Pashupati Nath LLC,7/23/2010,1800,Forbes Av,PA,15219.0,40.437327,-79.981323,9.0,Convenience Store,Bluff
492,201407230001,Valero / Sitaram Oil Corporation,Shree Sitaram Enterprise Inc,7/18/2014,2000,Braddock Av,PA,15218.0,40.422065,-79.88589,9.0,Convenience Store,
493,200706080001,Valero Gas / Bethel Park,Nihu Enterprise,6/4/2007,3405,South Park Rd,PA,15102.0,40.321473,-80.057088,9.0,Convenience Store,
494,201507290002,Valero Provost,Siterom Enterprise Inc,7/21/2015,244,Provost Rd,PA,15227.0,40.37529,-79.994278,9.0,Convenience Store,
495,201001060016,Verona Exxon,Allegheny River Corp,12/22/2009,4901,Allegheny River Blvd,PA,15147.0,40.485246,-79.856075,9.0,Convenience Store,
496,201504230005,Verona Sunoco,Shree Ambika Inc,4/15/2015,280,Hulton Rd,PA,15147.0,40.489132,-79.819982,9.0,Convenience Store,
497,200010300008,Vitamin Gallery,Allegheny 79ers Inc,10/20/2000,880,Butler St,PA,15223.0,40.511559,-79.945112,9.0,Convenience Store,
498,200101160005,W B Convenience,Winters Business Corp,12/4/2000,801,W Main St,PA,15106.0,40.401268,-80.095411,9.0,Convenience Store,
499,41112,Wagner's Market,Wagner's Market Inc,7/9/1986,4978,Middle Rd,PA,15044.0,40.605057,-79.926116,9.0,Convenience Store,
500,200707020007,Walgreens #09043,Walgreen Eastern Co Inc,6/19/2007,1701,Wm Flynn Hwy,PA,15116.0,40.538724,-79.963405,9.0,Convenience Store,
501,200605260007,Walgreens #09281,Walgreen Eastern Co Inc,5/3/2006,5956,Centre Av,PA,15206.0,40.459326,-79.926757,9.0,Convenience Store,Shadyside
502,200708220009,Walgreens #10282,Walgreen Eastern Co Inc,8/13/2007,30,Pikene Creek Rd,PA,15090.0,40.58623,-80.043109,9.0,Convenience Store,
503,200807250002,Walgreens #10917,Walgreen Eastern Co Inc,7/18/2008,6906,University Blvd,PA,15108.0,40.517729,-80.221197,9.0,Convenience Store,
504,200510270002,Walgreens #9345,Walgreen Eastern Co Inc,10/25/2005,10707,Frankstown Rd,PA,15235.0,40.461125,-79.841874,9.0,Convenience Store,
505,200611270008,Walgreens #9803,Walgreen Eastern Co Inc,11/17/2006,324,Hulton Rd,PA,15139.0,40.525375,-79.841699,9.0,Convenience Store,
506,56195,Welmart,Storage Centers Inc,1/31/1997,200,Alter Rd,PA,15065.0,40.667086,-79.712426,9.0,Convenience Store,
507,201311180001,West Liberty BP,,1/28/2013,1829,Liberty Ave,PA,15226.0,40.405626,-80.018414,9.0,Convenience Store,Brookline
508,201107250006,West View Shell,S Corp,7/18/2011,411,Perry Highway,PA,15229.0,40.4167,-77.197887,9.0,Convenience Store,
509,201403130001,West View Sunoco,Kesari Petro Inc,3/12/2014,100,Rochester Rd,PA,15229.0,40.520554,-80.025232,9.0,Convenience Store,
510,201406230007,Wm Penn Hwy Sunoco,R & D Ventures Inc,6/18/2014,3406,Wm Penn Hwy,PA,15235.0,40.430551,-79.81547,9.0,Convenience Store,
511,200410180001,WN Grocery,,10/8/2004,1018,W North Ave,PA,15233.0,40.453283,-80.020292,9.0,Convenience Store,Manchester
512,201407280005,Zoscak's Food Market,Harneet Singh Enterprise Inc,7/22/2014,319,Ann St,PA,15132.0,40.350695,-79.874877,9.0,Convenience Store,
513,45034,Zozos Marathon,Zozos Enterprises Inc,8/16/1989,8716,Peebles Rd,PA,15237.0,40.567233,-80.007372,9.0,Convenience Store,
514,200704260001,GetGo #3137,Giant Eagle Inc,4/26/2007,,8-A Quaker Village ShopPikeng Center,PA,15056.0,,,,Convenience Store,
515,Client ID,Aldi #92,Aldi Inc,8/18/2015,5239,Brownsville Rd,PA,15236.0,40.342387,-79.984112,9.0,Supermarket,
516,201508270013,Aldi,Aldi Inc,9/22/2015,7350,Saltsburg Rd,PA,15235.0,40.477243,-79.785988,9.0,Supermarket,
517,201509280005,Aldi #56,Aldi Inc,7/17/2006,2348,Ardmore Blvd,PA,15221.0,40.415887,-79.848706,9.0,Supermarket,
518,200607310002,Aldi #68,Aldi Inc,7/16/2010,4578,Wm Flynn Hi,PA,15101.0,40.571191,-79.952845,3.0,Supermarket,
519,201007230007,Aldi #72,Aldi Inc,11/18/2010,3089,Sussex Av,PA,15226.0,40.383771,-80.014178,9.0,Supermarket,
520,201011190002,Aldi #81,Aldi Inc,1/13/2015,3013,Washington Pi,PA,15017.0,40.173242,-80.24199,9.0,Supermarket,
521,201501150001,Aldi #89,Aldi Inc,9/15/2015,300,Eden Park Bo,PA,15132.0,40.34505,-79.84648,3.0,Supermarket,
522,201509170002,Aldi #93,Aldi Inc,7/29/2015,7221,Mcknight Rd,PA,15237.0,40.536931,-80.013056,9.0,Supermarket,
523,201507270008,Aldi Store #97,Aldi Inc,10/21/2015,127,7th Av,PA,15120.0,40.407339,-79.912407,9.0,Supermarket,
524,201511020011,Aldi #96,Aldi Inc Saxonburgh Div,8/19/2015,1160,Washington Av,PA,15106.0,40.397454,-80.085297,9.0,Supermarket,
525,201508140001,Shop 'n Save #1076 Mt. Washington,"B C Hanna Foods, Inc",5/13/1984,125,Virginia Av,PA,15211.0,40.429437,-80.008009,9.0,Supermarket,Mount Washington
526,37868,Giant Eagle #605 Elizabeth Township,BLB Food Inc,9/16/1988,800,Mckeesport Rd,PA,15037.0,40.27992,-79.875571,9.0,Supermarket,
527,44034,Giant Eagle #652,Brickers LLC,8/29/2008,318,Cedar Ave,PA,15212.0,40.451602,-79.999575,9.0,Supermarket,East Allegheny
528,200809190016,Shop 'n Save #0212100,CCM Foods LLC,9/7/2002,4548,Broadway Bo,PA,15146.0,22.335921,114.139154,5.0,Supermarket,
529,200209130006,Costco #332,Costco Wholesale Corp,7/1/2002,202,Costco Dr,PA,15205.0,40.458793,-80.16586,9.0,Supermarket,
530,200207230002,Costco #649,Costco Wholesale Corp,3/2/2007,501,W Waterfront Dr,PA,15120.0,40.402736,-79.921653,9.0,Supermarket,
531,200703140001,Save A Lot / North Versailles,Deb Joe LLC,2/20/2007,355,Lincoln Hwy,PA,15137.0,40.382204,-79.819697,9.0,Supermarket,
532,200702260003,Whitehall Asian Supermarket,Dhari Lal Dhital,4/20/2012,1406,Radford Rd,PA,15227.0,40.363877,-79.967841,8.0,Supermarket,
533,201204270004,Donatelli's Italian Food Center,Donatelli's Italian Food Center Inc,7/29/1988,4711,Liberty Ave,PA,15224.0,40.46207,-79.949355,9.0,Supermarket,Bloomfield
534,43796,Shop 'n Save,DTJ Foods,7/27/1999,450,56th St,PA,15201.0,40.483141,-79.948537,9.0,Supermarket,Upper Lawrenceville
535,199908020002,East End Food Co-Op,East End Food Co-Op Inc,5/8/1986,7516,Meade St,PA,15208.0,40.448199,-79.895475,9.0,Supermarket,Point Breeze North
536,40781,Kuhn's Market #7,Franklin Square L LP,11/25/1997,825,Beaver Grade Rd,PA,15108.0,40.517576,-80.216199,9.0,Supermarket,
537,56970,Kuhn's Market,Franklin Square LLP,3/3/2006,4801,Mcknight Rd,PA,15237.0,40.522828,-80.006531,9.0,Supermarket,
538,200603100004,Kuhn's Market,Franklin Square LLP,10/26/2005,745,Ingomar Rd,PA,15127.0,40.593769,-80.006113,8.0,Supermarket,
539,200511020009,Kuhn's Market,Franklin Square LLP,7/30/2008,700,Beulah Rd,PA,15145.0,40.427119,-79.834796,9.0,Supermarket,
540,200808180002,Family Food Center,GHI Mi Rey Khada,5/4/2015,2104,Brownsville Rd,PA,15210.0,40.39314,-79.986896,9.0,Supermarket,Carrick
541,201505110006,Giant Eagle #6379,Giant Eagle Corp,2/3/2000,420,E Waterfront Dr,PA,15120.0,40.412485,-79.910258,8.0,Supermarket,
542,200002100005,Giant Eagle #0004,Giant Eagle Inc,6/17/1984,5055,Library Rd,PA,15102.0,40.33883,-80.024575,9.0,Supermarket,
543,2154,Giant Eagle #0015,Giant Eagle Inc,11/3/2013,1701,Lincoln Hi,PA,15137.0,40.371962,-79.786944,3.0,Supermarket,
544,201311010007,Giant Eagle #0052,Giant Eagle Inc,11/3/1998,132,Ben Avon Heights Rd,PA,15237.0,40.521533,-80.069181,9.0,Supermarket,
545,57792,Giant Eagle #0073,Giant Eagle Inc,3/4/1997,9901,Mountain View Dr,PA,15122.0,40.33967,-79.949746,9.0,Supermarket,
546,56268,Giant Eagle #068,Giant Eagle Inc,6/19/2011,5990,University Bo,PA,15108.0,40.491695,-80.198665,3.0,Supermarket,
547,201106270010,Giant Eagle #17,Giant Eagle Inc,6/17/1984,6320,Shakespeare St,PA,15206.0,40.460094,-79.923852,5.0,Supermarket,Shadyside
548,1878,Giant Eagle #2,Giant Eagle Inc,3/2/1995,1800,Mckees Rocks Rd,PA,15136.0,40.467816,-80.097642,9.0,Supermarket,
549,53202,Giant Eagle #24,Giant Eagle Inc,7/24/2014,3239,Washington Pi,PA,15017.0,40.173242,-80.24199,9.0,Supermarket,
550,201407290004,Giant Eagle #25,Giant Eagle Inc,6/17/1984,1029,West View Park Dr,PA,15229.0,40.516789,-80.038918,9.0,Supermarket,
551,34317,Giant Eagle #29,Giant Eagle Inc,2/4/2014,1356,Hoffman Bo,PA,15122.0,40.350968,-79.913673,3.0,Supermarket,
552,201402070004,Giant Eagle #31,Giant Eagle Inc,1/1/1980,5260,Grove Road,PA,15236.0,40.357456,-80.002268,9.0,Supermarket,
553,33543,Giant Eagle #35,Giant Eagle Inc,2/25/1985,1717,Cochran Rd,PA,15220.0,40.392634,-80.065436,9.0,Supermarket,
554,39025,Giant Eagle #37,Giant Eagle Inc,6/17/1984,,Quaker Village Shopping Center,PA,15056.0,40.561532,-80.205346,5.0,Supermarket,
555,2811,Giant Eagle #38,Giant Eagle Inc,3/1/1962,1901,Murray Av,PA,15217.0,40.435676,-79.92248,9.0,Supermarket,Squirrel Hill South
556,1880,Giant Eagle #45,Giant Eagle Inc,6/17/1984,9805,Mcknight Rd,PA,15237.0,40.584311,-80.038848,9.0,Supermarket,
557,2051,Giant Eagle #47 / Market District Robinson,Giant Eagle Inc,10/27/2009,100,Settlers Ridge Center Dr,PA,15205.0,40.440641,-80.149132,5.0,Supermarket,
558,200910280001,Giant Eagle #60,Giant Eagle Inc,12/4/1998,4010,Monroeville Bo,PA,15146.0,40.432471,-79.751203,3.0,Supermarket,
559,57877,Giant Eagle #61,Giant Eagle Inc,6/10/1991,2021,Wharton St,PA,15203.0,40.431009,-79.976705,9.0,Supermarket,South Side Flats
560,38879,Giant Eagle #63,Giant Eagle Inc,1/1/1984,4250,Murray Ave,PA,15217.0,40.422266,-79.929584,9.0,Supermarket,Greenfield
561,1881,Giant Eagle #64,Giant Eagle Inc,6/17/1984,3812,O'Neil Blvd,PA,15132.0,40.347243,-79.83109,9.0,Supermarket,
562,2370,Giant Eagle #65,Giant Eagle Inc,6/17/1984,4110,Brighton Rd,PA,15212.0,40.489185,-80.044203,9.0,Supermarket,
563,2050,Giant Eagle #67,Giant Eagle Inc,6/22/1987,8080,Mcknight Rd,PA,15237.0,40.557915,-80.023156,8.0,Supermarket,
564,42412,Giant Eagle #74,Giant Eagle Inc,6/17/1984,1165,Mckinney Lane #100,PA,15220.0,40.211943,-76.769826,8.0,Supermarket,
565,35578,Giant Eagle #76,Giant Eagle Inc,1/2/1979,4680,Old Wm Penn Hwy,PA,15146.0,40.438817,-79.741022,9.0,Supermarket,
566,2901,Giant Eagle #77,Giant Eagle Inc,12/1/1978,254,Yost Bo,PA,15221.0,40.436883,-79.857683,3.0,Supermarket,
567,30226,Giant Eagle #78,Giant Eagle Inc,4/3/1989,230,Rodi Rd,PA,15235.0,40.462359,-79.826919,9.0,Supermarket,
568,2848,Giant Eagle / Market District Pine #43,Giant Eagle Inc,1/30/2009,155,Towne Center Dr,PA,15090.0,40.632132,-80.054286,9.0,Supermarket,
569,200902180008,Giant Eagle / Market District Shadyside #40,Giant Eagle Inc,11/29/1999,5550,Centre Ave,PA,15232.0,40.456537,-79.934434,9.0,Supermarket,Shadyside
570,199912010005,Giant Eagle / Market District South Hills #14,Giant Eagle Inc,7/8/1988,7000,Oxford Dr,PA,15102.0,40.347078,-80.046641,9.0,Supermarket,
571,43711,Giant Eagle / Market District Waterworks #72,Giant Eagle Inc,9/24/1987,910,Freeport Rd,PA,15238.0,40.488233,-79.893913,9.0,Supermarket,Lincoln-Lemington-Belmar
572,42973,Giant Eagle Express #5103,Giant Eagle Inc,5/2/2007,2611,Freeport Rd,PA,15238.0,40.537858,-79.838724,9.0,Supermarket,
573,200705040005,Giant Eagle #18,Giant Eagle Makets Inc,1/13/2011,1671,Butler Plank Rd,PA,15116.0,40.537733,-79.965145,9.0,Supermarket,
574,201012140008,Shop 'n Save / Gibsonia,GLS Supermarkets LLC,7/19/2006,5375,Wm Flynn Hi,PA,15044.0,40.631549,-79.952845,3.0,Supermarket,
575,200607190003,GFS Marketplace,Gordon Food Service Inc,11/17/2006,510,Clairton Blvd,PA,15236.0,40.333786,-79.947122,9.0,Supermarket,
576,200611270006,Gordon Food Service,Gordon Food Service Inc,11/15/2006,3620,Wm Penn Hwy,PA,15146.0,40.431969,-79.800107,9.0,Supermarket,
577,200611170002,Shop 'n Save Penn Hills,Hartley Foods Holding Inc,5/31/1991,2820,Universal Rd,PA,15235.0,40.475924,-79.78621,8.0,Supermarket,
578,47108,Shop 'n Save,Hartley Holding Inc,12/2/1999,2362,Golden Mile Hi,PA,15239.0,40.471465,-79.986641,8.0,Supermarket,Spring Garden
579,199912060001,Giant Eagle #697,Hickman Foods LLC,5/8/2002,9001,Frankstown Rd,PA,15235.0,40.462692,-79.865275,9.0,Supermarket,
580,200205100001,Duquesne Save A Lot,Horizon Management Inc,2/17/2011,9,Duquesne Pz,PA,15110.0,40.374756,-79.846986,9.0,Supermarket,
581,201102220003,Shop 'n Save,J & D Supermarkets LLC,2/22/2006,799,Castle Shannon Bo,PA,15234.0,40.36758,-80.017161,3.0,Supermarket,
582,200603100006,Food Shoppe,J & J Gourmet LLC,5/5/1983,5878,Northumberland St,PA,15217.0,40.441526,-79.920551,9.0,Supermarket,Squirrel Hill North
583,36498,Giant Eagle,Marckisotto Markets Inc,2/27/1991,1705,S Braddock Ave,PA,15218.0,40.425705,-79.886584,9.0,Supermarket,
584,46832,Shop 'n Save - Pines Plaza,Mihelic Foods Inc,10/19/1988,1130,Perry Hi,PA,15237.0,40.401873,-77.019558,8.0,Supermarket,
585,44108,Shop 'n Save / Glenshaw #212403,MJS Foods LLC,11/29/2006,917,Butler St,PA,15116.0,40.51331,-79.950785,5.0,Supermarket,
586,200612060006,Shop 'n Save / Rochester,MJS Foods LLC,9/26/2005,184,Rochester Rd,PA,15229.0,40.519816,-80.018098,9.0,Supermarket,
587,200510120001,Shop 'n Save / Shaler,North Allegheny Foods Inc,6/17/1984,1620,Babcock Bo,PA,15209.0,40.497124,-79.969628,3.0,Supermarket,
588,32725,Shop 'n Save / Century Square,Noss Enterprises,7/18/2006,2381,Mountain View Dr,PA,15122.0,40.344781,-79.946778,9.0,Supermarket,
589,200608010002,Shop 'n Save / Noblestown #2412,Nossokoff Enterprise,3/10/2006,2103,Noblestown Rd,PA,15205.0,40.430663,-80.051961,9.0,Supermarket,Westwood
590,200603230007,Shop 'n Save - Ross's Village,Olympia Park Plaza Shop N Save LLC,12/19/2013,1886,Homeville Rd,PA,15122.0,40.373678,-79.873734,5.0,Supermarket,
591,201312230003,Kuhn's Market,Quality Foods Corp,6/1/1982,1130,Highwood St,PA,15212.0,40.468566,-80.02666,9.0,Supermarket,Marshall-Shadeland
592,35347,Kuhn's Market,Quality Foods Corp,6/17/1984,661,Lincoln Ave,PA,15202.0,40.497135,-80.060313,9.0,Supermarket,
593,36519,Kuhn's Market #4,Quality Foods Corp,10/5/1984,3125,Banksville Rd,PA,15216.0,40.399677,-80.043413,9.0,Supermarket,Banksville
594,38483,Kuhn's Market,Quality Foods Corporation,12/2/2015,2412,Ferguson Rd,PA,15101.0,40.554967,-79.972178,9.0,Supermarket,
595,201512160006,Shop 'n Save,Rajel's Foods LLC,8/11/2014,5001,Library Rd,PA,15102.0,40.341084,-80.024743,9.0,Supermarket,
596,201408190004,Shop 'n Save - Wilkins Twp,Rojels Foods LLC,8/17/2014,3335,Wm Penn Hi,PA,15235.0,40.43292,-79.817603,9.0,Supermarket,
597,201408250004,Shop 'n Save #0212404 Imperial,Rojels Foods LLC,2/21/2006,600,Market Place Dr,PA,15071.0,40.440192,-80.241214,9.0,Supermarket,
598,200602230004,Giant Eagle #646,Romark Foods Inc,8/1/1996,51,Walsh Rd,PA,15205.0,40.440451,-80.072306,9.0,Supermarket,
599,55556,Shop 'n Save - Hill District,Ross's Market LLC,10/17/2013,1850,Centre Av,PA,15219.0,40.442146,-79.981719,9.0,Supermarket,Crawford-Roberts
600,201310220010,Sam's Club #4952,Sam's East Inc,1/25/2006,2000,Village Center Dr,PA,15084.0,40.565722,-79.803982,9.0,Supermarket,
601,200601310002,Sam's Club #6575,Sam's East Inc,10/7/1996,249,Summit Park Dr,PA,15275.0,40.449585,-80.177954,9.0,Supermarket,
602,55897,Sam's Club #6677,Sam's East Inc,2/7/1994,3621,Wm Penn Hwy,PA,15146.0,40.436431,-79.799629,9.0,Supermarket,
603,51243,Sam's Club #6678,Sam's East Inc,5/25/2006,289,Mt Nebo Pointe Dr,PA,15237.0,40.534232,-80.067889,9.0,Supermarket,
604,200606190003,Sam's Club #6679,Sam's East Inc,7/29/2004,2251,Century Dr,PA,15122.0,40.343793,-79.949018,9.0,Supermarket,
605,200408050009,Save A Lot,Scozio Foods LLC,12/10/1998,4313,Walnut St,PA,15132.0,40.321825,-79.834567,9.0,Supermarket,
606,57873,Giant Eagle Store #600,Scozio Supermarkets Inc,5/19/1994,2001,Lincoln Wa,PA,15131.0,40.337364,-79.805396,9.0,Supermarket,
607,51792,Giant Eagle #641,Seven-Z Ent Inc,11/1/1986,1025,Washington Pike,PA,15017.0,40.367163,-80.110119,9.0,Supermarket,
608,42635,Wilkinsburg Save A Lot,Shay & Tay Inc,2/21/2007,725,Ross St,PA,15221.0,40.442803,-79.884174,9.0,Supermarket,
609,200702210003,Shop 'n Save / Brownsville Road,Shop N Save,6/18/1984,1119,Brownsville Rd,PA,15210.0,40.404781,-79.990531,8.0,Supermarket,Carrick
610,38008,Shop 'n Save,Shop N' Save,9/13/2006,4313,Walnut St,PA,15132.0,40.321825,-79.834567,9.0,Supermarket,
611,200609250001,Shop 'n Save / Heidelberg,Sorbara & Son LP,8/28/2006,2100,Washington Pi,PA,15106.0,40.173242,-80.24199,9.0,Supermarket,
612,200608300002,Giant Eagle #1691,Super 8 Corp,10/7/1992,400,Northtowne Sq,PA,15044.0,40.636471,-79.941762,9.0,Supermarket,
613,49211,Shop 'n Save,Super Dollar #62205,1/1/1970,4647,Buttermilk Hollow Rd,PA,15122.0,40.361016,-79.906553,9.0,Supermarket,
614,35607,Target #2757,Target,8/24/2011,6231,Penn Av,PA,15206.0,40.460909,-79.921909,9.0,Supermarket,East Liberty
615,201106210018,Target #2787,Target Stores,2/7/2013,201,South Hills Village,PA,15241.0,40.340135,-80.054802,8.0,Supermarket,
616,201302150004,Shop 'n Save / Russellton,Thomas Beter Inc,1/1/1980,908,Little Deer Creek Valley Rd,PA,15076.0,40.60823,-79.833146,9.0,Supermarket,
617,25315,Trader Joe's #624,Trader Joe's,3/13/2015,9020,Covenant Av,PA,15237.0,40.570437,-80.022243,9.0,Supermarket,
618,201503090008,Trader Joe's #638,Trader Joe's Co,10/16/2006,6343,Penn Ave,PA,15206.0,40.459303,-79.919178,9.0,Supermarket,East Liberty
619,200610180001,Trader Joe's #630,Trader Joe's East Inc,10/14/2011,1630,Washington Rd. Ste 1,PA,15228.0,40.351139,-80.051011,9.0,Supermarket,
620,201110190002,Giant Eagle #695,Verona Foods Inc,8/29/1991,200,Allegheny River Bo,PA,15147.0,40.498933,-79.818468,3.0,Supermarket,
621,47614,Wal-Mart Super Center #2281,Wal-Mart Stores Inc,8/7/2003,2351,Century Dr,PA,15122.0,40.341762,-79.946461,9.0,Supermarket,
622,200308190003,Wal-Mart Super Center #2300,Wal-Mart Stores Inc,10/24/1996,250,Summit Park Dr,PA,15275.0,40.447712,-80.176111,9.0,Supermarket,
623,55920,Wal-Mart Super Center #2588,Wal-Mart Stores Inc,1/25/1999,100,Wal-Mart Dr,PA,15137.0,40.38722,-79.8247,9.0,Supermarket,
624,199901260002,Wal-Mart Super Center #3738,Wal-Mart Stores Inc,2/21/2008,4015,Freeport Rd,PA,15065.0,40.646955,-79.713092,9.0,Supermarket,
625,200802270003,Wal-Mart Super Center #3838,Wal-Mart Stores Inc,1/19/2006,2010,Village Center Dr,PA,15084.0,40.564069,-79.804052,9.0,Supermarket,
626,200601270011,Whole Foods Market #53,Whole Foods Market Group Inc,9/27/2002,5880,Centre Ave,PA,15206.0,40.45852,-79.928707,9.0,Supermarket,Shadyside
627,200210010004,Whole Foods Wexford #10377,Whole Foods Market Inc,3/28/2012,10576,Perry Hi,PA,15090.0,40.39721,-77.025796,5.0,Supermarket,
628,201203290001,Giant Eagle Market #616,,11/4/2003,600,Brentwood Towne Sq,PA,15227.0,40.366498,-79.9829,9.0,Supermarket,
629,200311100003,Save A Lot Crafton,,6/1/2004,,Crafton Ingram Shopping Center @ Foster Ave,PA,15205.0,40.44177,-80.087015,3.0,Supermarket,
630,200406040001,Shop 'n Save McKeesport,,6/30/1997,815,5th Ave,PA,15132.0,40.352,-79.856045,9.0,Supermarket,
631,56556,The Uncommon Market,C P Food Store Inc,11/21/1991,1798,Highland Rd,PA,15241.0,40.348876,-80.052248,9.0,Supermarket,
632,47923,Market Outlet,Great Buys Inc,12/30/2010,1700,Penn Av,PA,15222.0,40.4497,-79.985758,9.0,Supermarket,Strip District
633,201101070007,Karibu International Market LLC,Karibu Internation Market LLC,10/28/2014,2740,Saw Mill Run Bo,PA,15227.0,40.378296,-79.991494,9.0,Supermarket,
634,201410310006,South Hills IGA,Kutscher Inc,12/1/2006,649,Old Clairton Rd,PA,15236.0,40.324262,-79.956892,9.0,Supermarket,
635,200612060005,Leonard Labriola's Italian Market,Labriola Italian Stores Inc,7/23/2004,4039,Monroeville Blvd,PA,15146.0,40.43557,-79.768914,9.0,Supermarket,
636,200407290001,Lamperts Deli Express,Lamperts Food Market Inc,11/21/2012,2010,Eden Park Bo,PA,15132.0,40.34505,-79.84648,3.0,Supermarket,
637,201211270011,Las Palmas,"Las Palmas, LLC",12/8/2009,700,Brookline Blvd,PA,15226.0,40.394595,-80.021685,9.0,Supermarket,Brookline
638,200912140001,Leonard Labriola's Italian Store,Leonard Labriola's Italian Stores LLC,8/26/2010,112,Northgate Dr,PA,15086.0,40.650509,-80.078238,9.0,Supermarket,
639,201009080008,Shursave,Lix Superpark Inc #3,6/1/1984,4401,Liberty Av,PA,15224.0,40.463648,-79.952803,8.0,Supermarket,Bloomfield
640,38101,Groceria Italiano,Madonna Teresa Corp,8/21/1998,237,Cedarville St,PA,15224.0,40.46186,-79.948546,9.0,Supermarket,Bloomfield
641,57626,Market on Broadway IGA / Las Palmas,"Market on Broadway IGA / Las Palmas, Inc",7/15/2013,1616,Broadway Ave,PA,15216.0,40.410007,-80.024988,9.0,Supermarket,Beechview
642,201312090007,Market on Forbes IGA,Market on Forbes Inc,8/11/2008,3609,Forbes Ave / 2nd Fl,PA,15213.0,40.440974,-79.958169,9.0,Supermarket,Central Oakland
643,200808150002,McGinnis Sisters Market,McGinnis Food Ctr Inc,9/21/1995,4311,Northern Pike,PA,15146.0,40.435043,-79.753389,9.0,Supermarket,
644,54350,McGinnis Sisters Market,McGinnis Food Ctr Inc,2/29/1996,3825,Saw Mill Run Blvd,PA,15227.0,40.369718,-79.98215,9.0,Supermarket,
645,54797,Murray Avenue Kosher,Murray Avenue Kosher Inc,12/11/1996,1916,Murray Ave,PA,15217.0,40.435463,-79.923124,9.0,Supermarket,Squirrel Hill South
646,56065,Oriental Market,Oriental Market LLC,1/19/2011,4768,Mcknight Rd,PA,15237.0,40.519802,-80.004493,9.0,Supermarket,
647,201101200001,Pakeeza,Pakeeza Inc,2/27/2013,4411,Old Wm Penn Hi,PA,15146.0,40.445986,-79.764292,9.0,Supermarket,
648,201303130004,Robert Wholey Co,Robert Wholey Co Inc,12/16/1992,1711,Penn Av,PA,15222.0,40.450111,-79.985875,9.0,Supermarket,Strip District
649,1795,T-Bones,T-Bones Inc,5/4/1985,100,Vip Dr / Suite #101,PA,15090.0,40.616651,-80.09284,9.0,Supermarket,
650,39139,The Fresh Market,The Fresh Market Inc.,7/3/2013,1551,Washington Rd,PA,15228.0,40.355489,-80.050351,8.0,Supermarket,
651,201306280008,Two Louie's Market,Two Louie's Market Inc,4/21/2008,1233,Penn Av,PA,15222.0,40.446442,-79.991746,9.0,Supermarket,Strip District
652,200804240004,WFH / Wing Fat Hong Oriental Food Market,WFH Market LLC,11/20/2014,2306,Penn Av,PA,15222.0,40.452797,-79.981077,9.0,Supermarket,Strip District
653,201411210003,Bombay Market,,1/5/2015,4605,Centre Av,PA,15213.0,40.452129,-79.951792,9.0,Supermarket,North Oakland
654,201501050001,Brownsville Food & Drinks,,6/19/2015,1810,Brownsville Rd,PA,15210.0,40.396851,-79.988112,9.0,Supermarket,Carrick
655,201506250005,Community Super Market,,1/1/1970,1117,Milltown Rd,PA,15147.0,40.498635,-79.790045,8.0,Supermarket,
656,262,Coraopolis Cash Market,,10/1/1952,1017,4th Ave,PA,15108.0,40.518306,-80.162798,9.0,Supermarket,
657,34765,Gorkhali Store,,5/19/2014,2116,Brownsville Rd,PA,15210.0,40.392709,-79.987056,9.0,Supermarket,Carrick
658,201406020003,Patsy's Market,,8/16/2000,483,Center Av,PA,15147.0,40.50669,-79.839699,9.0,Supermarket,
659,200008180001,Safrans Market,,6/17/1984,429,Walnut St,PA,15143.0,40.541022,-80.182322,9.0,Supermarket,
660,30265,Subha Laxmi Grocery,,5/21/2014,2950,Brownsville Rd,PA,15227.0,40.381398,-79.976585,9.0,Supermarket,Carrick
661,201406020006,Community Market,,11/7/2002,1710,Pacific Av,PA,15065.0,40.623319,-79.723879,8.0,Supermarket,
662,200211120002,GFS Marketplace,,10/14/2007,1,Urbano Wa,PA,15205.0,40.44177,-80.087015,3.0,Supermarket,
663,200710160002,Leonard Labriola Foods,,4/1/1969,121,Hulton Rd,PA,15147.0,40.484477,-79.81999,9.0,Supermarket,
664,253,Aldi #69,Aldi Inc,11/5/2007,8000,Mcknight Rd,PA,15237.0,40.551152,-80.021213,9.0,Supermarket,
665,200711090001,Aldi #77,Aldi Inc,10/6/2011,11800,Perry Hi,PA,15090.0,40.39721,-77.025796,5.0,Supermarket,
666,201110130006,Aldi #79,Aldi Inc,10/23/2012,2628,Carson St,PA,15203.0,40.426914,-79.96753,9.0,Supermarket,South Side Flats
667,201210250002,Aldi #80,Aldi Inc,5/8/2013,5631,Baum Blvd,PA,15213.0,40.458291,-79.935066,9.0,Supermarket,Friendship
668,201304250008,Wal-Mart #2603,Wal-Mart Stores Inc,1/14/2000,300,Wal-Mart Dr,PA,15044.0,40.623006,-79.946578,9.0,Supermarket,
669,200001280001,Wal-Mart #5040,Wal-Mart Stores Inc,2/19/2008,2200,Washington Pi,PA,15106.0,40.173242,-80.24199,9.0,Supermarket,
670,200802270004,Wal-Mart #5339,Wal-Mart Stores Inc,10/20/2003,877,Freeport Rd,PA,15238.0,40.488181,-79.888875,9.0,Supermarket,Lincoln-Lemington-Belmar
671,200310290007,,,,,,,,,,,,
